Year,Month,DayofMonth,DayOfWeek,CRSDepTime,CRSArrTime,CRSElapsedTime,DepTimeBlk,Origin,Dest,Distance,Reporting_Airline,Tail_Number
2018,6,23,6,912,1059,107.0,0900-0959,MHT,DCA,406.0,YX,N402YX
2004,10,27,3,630,724,54.0,0600-0659,ANC,FAI,261.0,AS,N742AS
2019,9,15,7,1241,1420,99.0,1200-1259,BZN,DEN,524.0,UA,N14250
2003,5,18,7,1157,1559,182.0,1100-1159,ORD,MIA,1197.0,AA,N3AWAA
2004,3,5,5,2210,2324,74.0,2200-2259,CLT,DCA,331.0,US,N107UW
2005,4,20,3,1640,1712,92.0,1600-1659,CLE,BNA,448.0,XE,N13936
2000,1,12,3,2040,2237,117.0,2000-2059,MIA,ATL,595.0,DL,N143DA
2003,7,3,4,1600,1816,256.0,1600-1659,ORD,LAX,1745.0,UA,N667UA
2009,4,4,6,945,1230,105.0,0900-0959,MSY,FLL,673.0,WN,N453WN
2002,7,5,5,1620,1659,39.0,1600-1659,LAX,SBA,89.0,MQ,N280MQ
2012,11,19,1,600,710,130.0,0600-0659,ROC,ORD,528.0,MQ,N678MQ
2017,8,25,5,640,749,69.0,0600-0659,PLN,DTW,243.0,OO,N8968E
2014,3,29,6,1152,1803,251.0,1100-1159,SEA,IAH,1874.0,UA,N483UA
2000,3,15,3,1255,1420,85.0,1200-1259,ATL,TPA,406.0,DL,N950DL
2002,8,28,3,1325,1600,275.0,1300-1359,MDW,OAK,1844.0,WN,N766
2016,5,17,2,1427,1803,156.0,1400-1459,DFW,PIT,1067.0,AA,N4XGAA
2012,12,14,5,630,757,87.0,0600-0659,BOS,PHL,280.0,US,N708UW
2017,9,2,6,1355,1507,72.0,1300-1359,SYR,LGA,198.0,EV,N398CA
2004,7,14,3,1800,2010,130.0,1800-1859,ATL,DTW,594.0,NW,N785NC
2002,10,14,1,1840,2059,139.0,1800-1859,TPA,PIT,873.0,US,N785AU
2001,6,5,2,1124,1236,192.0,1100-1159,DFW,LAX,1235.0,UA,N829ä1
2014,6,25,3,845,1010,85.0,0800-0859,SJC,LAS,386.0,WN,N628SW
2018,11,10,6,645,800,75.0,0600-0659,SNA,LAS,226.0,WN,N219WN
2006,1,13,5,1420,1515,115.0,1400-1459,BUF,ORD,473.0,YV,N715SF
2009,7,22,3,810,1000,110.0,0800-0859,HOU,BNA,670.0,WN,N616SW
2015,1,3,6,1015,1341,146.0,1000-1059,DEN,ORD,888.0,UA,N543UA
2013,9,6,5,720,940,200.0,0700-0759,BWI,DFW,1217.0,AA,N4XUAA
2006,11,20,1,1350,1724,334.0,1300-1359,SFO,HNL,2399.0,UA,N664UA
2013,3,7,4,2015,2258,163.0,2000-2059,PBI,BDL,1133.0,B6,N570JB
2010,12,12,7,935,1056,81.0,0900-0959,ATL,GSO,306.0,EV,N738EV
2003,12,8,1,1505,1540,95.0,1500-1559,SLC,FAT,501.0,OO,N410SW
2006,6,25,7,830,1138,128.0,0800-0859,IAH,ATL,689.0,EV,N751EV
2015,2,17,2,515,648,93.0,0001-0559,PIT,CLT,366.0,US,N833AW
2004,7,21,3,1114,1254,160.0,1100-1159,DTW,DFW,987.0,AA,N441AA
2011,2,27,7,1700,1828,88.0,1700-1759,BWI,BOS,370.0,B6,N655JB
2009,8,1,6,1140,1245,65.0,1100-1159,JFK,BOS,187.0,MQ,N842MQ
2003,2,19,3,1221,1540,139.0,1200-1259,ABQ,STL,934.0,AA,N4UPAA
2003,7,25,5,800,1010,130.0,0800-0859,ATL,JFK,760.0,EV,N908EV
2014,3,16,7,958,1450,172.0,0900-0959,DEN,ATL,1199.0,OO,N740SK
2018,11,3,6,810,940,90.0,0800-0859,SFO,PSP,421.0,OO,N789SK
2018,5,31,4,1130,1456,146.0,1100-1159,SAN,DEN,853.0,F9,N708FR
2008,12,29,1,1435,1805,150.0,1400-1459,DFW,RDU,1062.0,AA,N234AA
2006,6,8,4,1445,2301,316.0,1400-1459,HNL,LAX,2556.0,AA,N342AA
2010,6,3,4,1200,1336,96.0,1200-1259,ORD,LNK,466.0,XE,N14562
2012,9,18,2,1740,2110,150.0,1700-1759,MDW,TPA,997.0,WN,N433LV
2010,6,3,4,1627,2120,173.0,1600-1659,DEN,ATL,1199.0,FL,N307AT
2020,1,22,3,1419,1559,100.0,1400-1459,SAV,DCA,519.0,OH,N515AE
2010,1,13,3,2155,2314,79.0,2100-2159,DTW,ROC,296.0,9E,85879E
2005,10,15,6,700,1458,298.0,0700-0759,SEA,PHL,2378.0,US,N167UW
2010,2,26,5,2109,2241,92.0,2100-2159,IAH,TUL,429.0,CO,N32626
2003,11,13,4,1848,2044,116.0,1800-1859,MSP,MEM,700.0,NW,N585NW
2004,6,24,4,1031,1116,105.0,1000-1059,DTW,MSP,528.0,NW,N750NW
2013,10,20,7,1300,1450,110.0,1300-1359,DFW,BNA,631.0,AA,N4XFAA
2014,10,17,5,955,1105,70.0,0900-0959,DFW,ICT,328.0,AA,N001AA
2016,9,14,3,1321,1550,149.0,1300-1359,ORD,DFW,802.0,AA,N3LPAA
2003,12,9,2,1410,1540,90.0,1400-1459,LAS,OAK,407.0,WN,N609
2007,1,10,3,710,1010,240.0,0700-0759,LGA,DFW,1389.0,AA,N3AXAA
2013,12,2,1,1515,2041,206.0,1500-1559,SLC,DTW,1481.0,DL,N322US
2006,6,1,4,1645,1753,68.0,1600-1659,LAX,LAS,236.0,YV,N7291Z
2002,12,17,2,900,1235,155.0,0900-0959,SFO,DEN,967.0,UA,N771UA
2010,7,31,6,2240,2359,79.0,2200-2259,LAX,LAS,236.0,UA,N421UA
2017,4,28,5,1804,2030,86.0,1800-1859,VPS,ATL,250.0,DL,N981DL
2017,6,19,1,1610,2111,181.0,1600-1659,SNA,DFW,1205.0,AA,N3PBAA
2013,9,14,6,1357,1529,92.0,1300-1359,DTW,BWI,409.0,DL,N323US
2016,2,27,6,1548,1708,80.0,1500-1559,MSP,GFK,284.0,OO,N885AS
2003,4,3,4,700,808,68.0,0700-0759,SBP,LAX,155.0,MQ,N332MQ
2015,3,12,4,2355,826,331.0,2300-2359,SEA,MIA,2724.0,AA,N3GJAA
2001,9,28,5,1503,1640,97.0,1500-1559,MSP,STL,448.0,NW,N89295
2006,12,12,2,1430,1601,91.0,1400-1459,BOS,PHL,280.0,US,N732UW
2007,7,13,5,1440,1514,94.0,1400-1459,OMA,DEN,472.0,F9,N931FR
2011,1,18,2,2135,2257,82.0,2100-2159,DTW,CVG,229.0,EV,N722EV
2015,4,2,4,1552,1649,117.0,1500-1559,MOT,DEN,604.0,EV,N11165
2011,2,19,6,1050,1344,114.0,1000-1059,IAH,TYS,772.0,XE,N13202
2011,2,15,2,835,1000,85.0,0800-0859,SJC,LAS,387.0,WN,N386SW
2012,8,8,3,2120,2257,97.0,2100-2159,ATL,RSW,515.0,FL,N965AT
2003,10,5,7,1800,1935,95.0,1800-1859,OAK,PDX,543.0,WN,N708
2009,1,30,5,1145,1352,127.0,1100-1159,MCO,IAD,758.0,UA,N495UA
2006,2,22,3,1555,1819,144.0,1500-1559,TPA,PHL,920.0,US,N619AU
2019,4,17,3,1730,1917,227.0,1700-1759,IAD,DEN,1452.0,UA,N26909
2005,7,31,7,924,1100,216.0,0900-0959,MSP,PDX,1426.0,NW,N531US
2004,4,15,4,1330,1740,190.0,1300-1359,AUS,BWI,1342.0,WN,N661SW
2000,9,20,3,2230,15,285.0,2200-2259,MCO,LAS,2039.0,DL,N6707A
2003,5,24,6,950,1215,325.0,0900-0959,ATL,SEA,2182.0,DL,N183DN
2007,4,16,1,940,1220,100.0,0900-0959,ELP,DFW,551.0,AA,N237AA
2014,12,6,6,1055,1243,108.0,1000-1059,DFW,VPS,641.0,MQ,N852MQ
2004,11,23,2,940,1103,83.0,0900-0959,ATL,TPA,406.0,FL,N973AT
2007,12,15,6,920,1150,90.0,0900-0959,DEN,MCI,533.0,WN,N339SW
2019,6,27,4,600,828,88.0,0600-0659,AZA,PVU,477.0,G4,216NV
2011,12,4,7,959,1115,76.0,0900-0959,JFK,SYR,209.0,B6,N561JB
2001,5,21,1,1910,2044,94.0,1900-1959,CVG,BWI,430.0,DL,-N670D
2019,9,27,5,921,1040,79.0,0900-0959,RIC,LGA,292.0,MQ,N845AE
2005,10,27,4,1404,1730,146.0,1400-1459,MEM,MIA,860.0,MQ,N807AE
2009,6,24,3,1200,1256,56.0,1200-1259,GRR,DTW,120.0,9E,89239E
2012,12,8,6,1219,1419,120.0,1200-1259,SBN,ATL,566.0,EV,N852AS
2010,5,8,6,734,1017,163.0,0700-0759,MCO,SJU,1189.0,B6,N641JB
2007,3,28,3,2310,2354,44.0,2300-2359,GTF,FCA,146.0,NW,N376NB
2009,4,26,7,1142,1314,92.0,1100-1159,ATL,DAY,432.0,EV,N825AS
2004,7,20,2,600,816,136.0,0600-0659,DFW,ORD,802.0,UA,N333UA
2010,8,19,4,1830,1920,110.0,1800-1859,SLC,LAX,590.0,WN,N9222N
2020,3,10,2,1245,1526,341.0,1200-1259,IAD,LAX,2288.0,UA,N75425
2010,4,20,2,1650,1738,48.0,1600-1659,SEA,PDX,129.0,OO,N569SW
2003,10,15,3,630,855,145.0,0600-0659,MCO,JFK,944.0,B6,N519JB
2012,5,7,1,1140,1210,90.0,1100-1159,SLC,RNO,422.0,WN,N634SW
2001,4,23,1,855,1025,90.0,0800-0859,BDL,PIT,406.0,US,N719äæ
2006,2,14,2,1725,1845,80.0,1700-1759,PVD,BWI,328.0,WN,N484
2018,10,8,1,557,720,83.0,0001-0559,MLU,DFW,293.0,EV,N605QX
2006,2,16,4,1715,2006,171.0,1700-1759,FLL,LGA,1076.0,US,N745UW
2011,11,16,3,1930,2220,110.0,1900-1959,LAS,BOI,519.0,WN,N944WN
2004,10,12,2,1340,1437,57.0,1300-1359,AEX,IAH,190.0,XE,N13538
2005,7,25,1,1035,1315,160.0,1000-1059,PHX,PDX,1009.0,WN,N611SW
2004,10,25,1,1326,1412,46.0,1300-1359,LAN,DTW,74.0,NW,N772NC
2005,11,9,3,1639,1738,59.0,1600-1659,ATL,SAV,215.0,DL,N945DL
2011,6,5,7,1156,1233,37.0,1100-1159,HNL,OGG,100.0,HA,N484HA
2015,3,15,7,2052,2241,229.0,2000-2059,IAH,LAX,1379.0,UA,N81449
2006,1,28,6,935,1535,240.0,0900-0959,PHX,MCO,1848.0,WN,N778
2011,6,26,7,1815,2105,170.0,1800-1859,MCO,EWR,938.0,CO,N12109
2001,10,30,2,2030,2200,90.0,2000-2059,TPA,ATL,406.0,DL,-N129D
2003,3,28,5,745,1104,139.0,0700-0759,DFW,TPA,929.0,DL,N975DL
2012,12,16,7,1422,1535,73.0,1400-1459,JFK,BOS,187.0,B6,N273JB
2015,5,25,1,705,955,110.0,0700-0759,ELP,HOU,677.0,WN,N515SW
2002,5,11,6,1520,1624,64.0,1500-1559,ORD,RST,268.0,AA,N2DEAA
2001,5,3,4,1135,1250,75.0,1100-1159,BGR,BOS,201.0,MQ,-N240M
2012,9,9,7,1055,1203,68.0,1000-1059,SFO,SBP,190.0,OO,N582SW
2018,2,24,6,1510,1550,100.0,1500-1559,CAK,ORD,343.0,OO,N955SW
2004,7,6,2,1940,2130,170.0,1900-1959,MDW,ABQ,1121.0,WN,N457
2006,11,12,7,800,856,56.0,0800-0859,ORD,ATW,160.0,YV,N154SF
2008,1,24,4,1730,2059,149.0,1700-1759,IAH,CLT,913.0,XE,N13968
2017,12,4,1,705,947,162.0,0700-0759,MCO,LGA,950.0,DL,N943AT
2001,5,13,7,1610,1630,140.0,1600-1659,OKC,PHX,833.0,WN,N627@@
2007,6,23,6,1720,1901,161.0,1700-1759,BOS,ORD,867.0,UA,N523UA
2006,12,11,1,1605,1642,37.0,1600-1659,HNL,OGG,100.0,HA,N485HA
2017,6,29,4,1205,1441,156.0,1200-1259,MIA,DCA,919.0,AA,N813AA
2015,10,27,2,1158,1320,82.0,1100-1159,LIT,DFW,304.0,MQ,N501MQ
2003,8,10,7,1130,1229,59.0,1100-1159,MSP,FAR,223.0,NW,N1309T
2007,3,5,1,615,901,106.0,0600-0659,EUG,SLC,619.0,OO,N951SW
2000,12,8,5,1500,1725,85.0,1500-1559,LAS,ABQ,487.0,WN,N695
2015,9,23,3,1520,1646,86.0,1500-1559,MSP,BIS,386.0,OO,N438SW
2009,8,8,6,1326,1440,74.0,1300-1359,ATL,CLT,227.0,9E,91819E
2008,3,9,7,1910,2035,85.0,1900-1959,OAK,SAN,446.0,WN,N703SW
2010,7,5,1,2100,511,311.0,2100-2159,SAN,JFK,2446.0,B6,N597JB
2001,6,24,7,1240,1451,131.0,1200-1259,PHL,ATL,665.0,DL,N910D5
2014,1,17,5,1840,1946,66.0,1800-1859,TYS,ATL,152.0,EV,N935EV
2015,4,25,6,1650,1749,119.0,1600-1659,SLC,SNA,588.0,OO,N810SK
2015,5,29,5,1015,1128,73.0,1000-1059,LAX,SJC,308.0,OO,N465SW
2009,12,8,2,630,817,107.0,0600-0659,MEM,IAH,469.0,XE,N12934
2019,1,25,5,1000,1239,279.0,1000-1059,ORD,PDX,1739.0,AA,N997NN
2018,6,17,7,2230,545,255.0,2200-2259,SEA,CVG,1965.0,DL,N869DN
2011,2,28,1,1913,2135,82.0,1900-1959,MSY,ATL,425.0,FL,N981AT
2006,11,26,7,1730,1935,125.0,1700-1759,DTW,EWR,487.0,CO,N19638
2000,11,12,7,744,1028,104.0,0700-0759,ORD,IAD,589.0,UA,N808UA
2019,10,8,2,1751,1915,84.0,1700-1759,DCA,PVD,356.0,OH,N230PS
2003,5,16,5,805,1022,137.0,0800-0859,ATL,PVD,903.0,DL,N695DA
2006,12,4,1,747,913,86.0,0700-0759,MRY,LAX,267.0,OO,N585SW
2001,8,23,4,1110,1213,63.0,1100-1159,MSP,OMA,282.0,NW,N775N3
2008,7,19,6,1700,1755,55.0,1700-1759,AUS,DAL,189.0,WN,N633SW
2001,6,8,5,945,1205,140.0,0900-0959,PDX,LAX,834.0,AS,N765Aâ
2019,6,22,6,1822,2110,168.0,1800-1859,MCO,SJU,1189.0,NK,N645NK
2013,8,12,1,540,849,129.0,0001-0559,PSP,DEN,776.0,OO,N699BR
2005,12,21,3,900,1646,286.0,0900-0959,LAX,MIA,2342.0,AA,N622AA
2017,10,5,4,1900,2025,85.0,1900-1959,PDX,SMF,479.0,WN,N8680C
2007,8,26,7,1642,1750,68.0,1600-1659,GEG,SEA,224.0,OO,N290SW
2007,1,31,3,1405,1800,355.0,1400-1459,LAX,OGG,2486.0,UA,N597UA
2018,9,9,7,1840,2009,149.0,1800-1859,EWR,ORD,719.0,UA,N27239
2003,11,29,6,1655,1917,262.0,1600-1659,EWR,DEN,1605.0,UA,N459UA
2011,6,3,5,2045,2320,155.0,2000-2059,LAS,SEA,866.0,WN,N670SW
2017,7,8,6,713,901,108.0,0700-0759,HLN,DEN,594.0,OO,N479CA
2001,4,25,3,940,1050,70.0,0900-0959,CLT,RIC,256.0,US,N703äæ
2018,7,15,7,1805,2116,131.0,1800-1859,ORD,CHS,760.0,UA,N15751
2014,9,28,7,1440,1807,147.0,1400-1459,ABQ,MSP,981.0,DL,N912DN
2009,5,21,4,1940,2305,385.0,1900-1959,JFK,PDX,2454.0,B6,N624JB
2013,3,18,1,1700,1735,35.0,1700-1759,HNL,OGG,101.0,YV,N75994
2004,10,8,5,1750,1853,63.0,1700-1759,AUS,DFW,190.0,AA,N512AA
2009,8,17,1,1503,1554,51.0,1500-1559,LAX,SAN,109.0,OO,N301YV
2014,9,13,6,1320,1545,85.0,1300-1359,ORD,TYS,475.0,MQ,N838MQ
2001,8,10,5,2105,2155,110.0,2100-2159,SLC,PDX,630.0,WN,N345@@
2015,1,7,3,1118,1326,128.0,1100-1159,RDU,FLL,680.0,B6,N206JB
2001,2,12,1,730,1050,380.0,0700-0759,MIA,SFO,2585.0,AA,N375A1
2002,10,14,1,1149,1936,287.0,1100-1159,PHX,JFK,2153.0,HP,N621AW
2000,10,24,2,700,926,326.0,0700-0759,IAD,LAX,2288.0,UA,N546UA
2007,6,13,3,1320,1410,50.0,1300-1359,DAL,AUS,189.0,MQ,N922AE
2019,8,26,1,2315,519,244.0,2300-2359,SMF,ORD,1781.0,UA,N38727
2019,9,23,1,1701,1830,89.0,1700-1759,ALB,DCA,318.0,OH,N511AE
2013,5,23,4,800,1125,385.0,0800-0859,PHX,HNL,2917.0,HA,N589HA
2001,4,4,3,2210,2342,152.0,2200-2259,ATL,AUS,813.0,DL,-N949D
2000,10,16,1,550,641,51.0,0001-0559,SHV,JAN,219.0,DL,N323DL
2005,3,23,3,1120,1225,65.0,1100-1159,DAL,AMA,324.0,WN,N523
2019,12,4,3,1440,1638,178.0,1400-1459,PHL,MSP,980.0,DL,N964AT
2020,2,20,4,925,1230,185.0,0900-0959,BDL,MCO,1050.0,NK,N527NK
2014,9,30,2,1255,1419,144.0,1200-1259,IAH,DEN,862.0,F9,N227FR
2001,5,8,2,800,902,62.0,0800-0859,IAD,PHL,134.0,US,N334äâ
2010,5,20,4,1207,1318,71.0,1200-1259,BQK,ATL,238.0,EV,N853AS
2009,6,22,1,1010,1304,174.0,1000-1059,MIA,JFK,1090.0,DL,N977DL
2008,6,6,5,1520,1635,75.0,1500-1559,LAX,SFO,337.0,WN,N291WN
2017,7,11,2,825,1011,106.0,0800-0859,DCA,ATL,547.0,DL,N320DN
2013,12,6,5,1432,1602,90.0,1400-1459,TYS,IAD,419.0,EV,N13955
2010,5,12,3,1800,2125,145.0,1800-1859,ORD,LGA,733.0,AA,N433AA
2011,11,23,3,2107,2319,252.0,2100-2159,IAH,SFO,1635.0,CO,N57868
2013,3,6,3,1400,1605,65.0,1400-1459,LAS,PHX,255.0,WN,N638SW
2004,6,6,7,1855,2021,86.0,1800-1859,MCO,ATL,403.0,DL,N826MH
2019,9,2,1,1457,1605,68.0,1400-1459,AVL,ATL,164.0,DL,N964AT
2007,8,22,3,828,1035,127.0,0800-0859,JFK,RDU,426.0,OH,N427CA
2012,10,21,7,2050,2255,65.0,2000-2059,MDW,CMH,283.0,WN,N633SW
2001,12,8,6,1237,1334,57.0,1200-1259,DFW,SPS,113.0,MQ,-N231M
2004,1,3,6,1050,1338,108.0,1000-1059,OMA,CVG,614.0,OH,N374CA
2001,12,27,4,900,1226,326.0,0900-0959,SFO,HNL,2399.0,AA,N5DKA1
2003,4,6,7,2145,2217,92.0,2100-2159,CLT,PNS,488.0,US,N783AU
2017,1,27,5,1000,1258,118.0,1000-1059,ORD,ATL,606.0,DL,N973DL
2008,5,1,4,1200,2006,306.0,1200-1259,LAS,EWR,2227.0,CO,N57864
2013,11,21,4,1809,1955,106.0,1800-1859,RSW,ATL,515.0,DL,N662DN
2018,2,6,2,900,1020,80.0,0900-0959,SMF,LAS,397.0,WN,N486WN
2011,3,3,4,733,907,154.0,0700-0759,DEN,LAX,862.0,UA,N498UA
2015,2,6,5,655,1231,216.0,0600-0659,DEN,PHL,1558.0,US,N568UW
2012,7,16,1,605,710,65.0,0600-0659,LAS,PHX,255.0,WN,N932WN
2013,8,23,5,2030,2215,105.0,2000-2059,SJC,SEA,697.0,AS,N319AS
2014,1,9,4,1325,1505,100.0,1300-1359,SLC,PHX,507.0,WN,N365SW
2005,3,25,5,2010,2200,110.0,2000-2059,HOU,STL,687.0,WN,N791
2018,6,22,5,1905,2050,165.0,1900-1959,RDU,IAH,1042.0,UA,N87531
2016,5,12,4,1300,1505,125.0,1300-1359,FLL,CLT,632.0,AA,N672AW
2014,5,11,7,2000,2131,91.0,2000-2059,DCA,BOS,399.0,B6,N178JB
2006,8,28,1,2243,2237,54.0,2200-2259,ATL,DHN,171.0,EV,N868AS
2004,7,8,4,600,701,61.0,0600-0659,DFW,IAH,224.0,CO,N16646
2005,10,14,5,720,958,98.0,0700-0759,MCI,CVG,539.0,DL,N326DL
2001,8,7,2,1200,1424,144.0,1200-1259,EWR,ATL,745.0,CO,N83870
2015,3,24,2,1303,1430,87.0,1300-1359,MSO,SLC,436.0,OO,N457SW
2000,3,22,3,600,717,77.0,0600-0659,OAK,LAX,337.0,UA,N920UA
2008,7,21,1,1205,1325,80.0,1200-1259,PHX,BUR,369.0,WN,N431WN
2004,5,28,5,540,806,86.0,0001-0559,BHM,CVG,396.0,OH,N710CA
2010,5,3,1,930,1245,195.0,0900-0959,ALB,FLL,1204.0,WN,N253WN
2007,6,12,2,845,1005,80.0,0800-0859,SMF,LAX,373.0,WN,N696SW
2008,3,10,1,1659,2216,197.0,1600-1659,LAX,DSM,1447.0,OO,N750SK
2012,6,9,6,1220,2015,295.0,1200-1259,OGG,SJC,2355.0,AS,N584AS
2006,12,16,6,1905,2133,88.0,1900-1959,DEN,OKC,495.0,UA,N328UA
2011,11,24,4,610,855,165.0,0600-0659,MIA,LGA,1096.0,AA,N622AA
2008,12,28,7,1335,1640,185.0,1300-1359,MIA,BOS,1258.0,AA,N5FRAA
2013,1,30,3,905,1440,215.0,0900-0959,LAS,ORD,1514.0,AA,N4YSAA
2014,7,18,5,1114,1420,126.0,1100-1159,ICT,ATL,782.0,EV,N228PQ
2002,10,25,5,1655,1956,121.0,1600-1659,STL,DCA,719.0,AA,N4WEAA
2003,6,27,5,1140,1304,84.0,1100-1159,SLC,MSO,436.0,DL,N951WP
2007,4,19,4,1526,1610,44.0,1500-1559,COS,DEN,73.0,YV,N448YV
2019,4,25,4,2115,511,296.0,2100-2159,KOA,SFO,2367.0,UA,N63899
2014,4,9,3,945,1157,132.0,0900-0959,CLT,BOS,728.0,US,N163US
2017,6,3,6,1546,1719,93.0,1500-1559,BOS,EWR,200.0,B6,N179JB
2000,11,22,3,2000,2125,85.0,2000-2059,PHL,MHT,290.0,US,N727UW
2012,3,27,2,1135,1501,146.0,1100-1159,DEN,MSY,1062.0,F9,N939FR
2012,1,8,7,1725,2046,141.0,1700-1759,DFW,CLT,936.0,US,N121UW
2003,2,28,5,1725,1830,65.0,1700-1759,XNA,DFW,281.0,EV,N846AS
2019,1,31,4,600,705,65.0,0600-0659,LGA,BOS,184.0,AA,N764US
2013,12,31,2,1353,1700,127.0,1300-1359,RAP,ORD,779.0,OO,N956SW
2017,2,5,7,1725,2046,141.0,1700-1759,MKE,EWR,725.0,EV,N16918
2000,6,20,2,925,1010,45.0,0900-0959,SAT,HOU,192.0,WN,N81
2006,9,13,3,1005,1120,75.0,1000-1059,BTV,EWR,266.0,XE,N26549
2000,1,10,1,1655,1805,190.0,1600-1659,DFW,LAX,1235.0,UA,N828UA
2004,8,16,1,1620,1805,165.0,1600-1659,CVG,AUS,958.0,OH,N369CA
2018,8,6,1,1450,1634,104.0,1400-1459,JFK,ORF,290.0,9E,N8918B
2002,12,21,6,2120,2355,95.0,2100-2159,OAK,SLC,589.0,WN,N406
2018,9,16,7,1235,1334,59.0,1200-1259,DFW,OKC,175.0,AA,N9615W
2018,7,27,5,1935,2001,86.0,1900-1959,ATL,GPT,352.0,DL,N916DL
2003,2,14,5,1855,2052,117.0,1800-1859,MIA,CLT,650.0,US,N629AU
2013,8,14,3,1415,1740,145.0,1400-1459,DFW,GRR,931.0,MQ,N638MQ
2009,11,6,5,920,1030,70.0,0900-0959,LAS,LAX,236.0,WN,N933WN
2014,3,4,2,1950,2356,186.0,1900-1959,MSP,MCO,1310.0,DL,N593NW
2019,11,14,4,1754,1941,107.0,1700-1759,ABQ,SLC,493.0,OO,N264SY
2016,5,26,4,645,1115,150.0,0600-0659,PHX,MCI,1044.0,WN,N259WN
2004,5,14,5,1230,1350,80.0,1200-1259,LAX,PHX,370.0,WN,N647SW
2019,3,24,7,1357,1543,106.0,1300-1359,TPA,CLT,507.0,AA,N711UW
2010,11,16,2,1105,1210,125.0,1100-1159,PHX,SMF,647.0,WN,N314SW
2006,8,1,2,715,944,89.0,0700-0759,LIT,ATL,453.0,DL,N946DL
2004,12,22,3,1100,1245,105.0,1100-1159,HOU,BNA,670.0,WN,N656SW
2001,8,17,5,1320,1748,148.0,1300-1359,TUS,IAH,936.0,CO,N76823
2013,1,8,2,1340,1520,100.0,1300-1359,BNA,MSY,471.0,WN,N491WN
2013,9,12,4,1427,1640,253.0,1400-1459,IAH,SFO,1635.0,UA,N470UA
2018,12,23,7,1209,1419,130.0,1200-1259,SAV,JFK,718.0,9E,N314PQ
2000,3,18,6,2140,2357,77.0,2100-2159,STL,CMH,410.0,TW,N9405T
2008,8,26,2,1016,1245,149.0,1000-1059,DAB,EWR,884.0,XE,N17108
2018,8,13,1,1730,1938,128.0,1700-1759,LGA,RDU,431.0,YX,N206JQ
2019,7,16,2,1415,1742,147.0,1400-1459,ORD,SAV,773.0,EV,N14916
2006,2,10,5,1256,1359,63.0,1200-1259,MSP,DSM,232.0,NW,N9331
2006,10,8,7,1545,1649,244.0,1500-1559,GRR,LAS,1643.0,NW,N355NB
2019,11,29,5,1210,1443,273.0,1200-1259,ORD,LAX,1744.0,AA,N904AA
2000,7,2,7,640,858,78.0,0600-0659,LAS,SLC,368.0,DL,N143DA
2000,2,9,3,1200,1247,47.0,1200-1259,LIT,MEM,129.0,NW,N8944E
2003,1,7,2,1710,1812,122.0,1700-1759,ATL,MKE,669.0,EV,N872AS
2003,3,12,3,1130,1250,80.0,1100-1159,ABQ,PHX,328.0,WN,N684
2012,5,6,7,1145,1225,40.0,1100-1159,HNL,KOA,163.0,YV,N77302
2002,3,7,4,2349,509,200.0,2300-2359,LAS,ORD,1515.0,HP,N620AW
2001,11,8,4,1836,1921,45.0,1800-1859,OTZ,OME,183.0,AS,N746Aâ
2018,10,16,2,2130,2240,70.0,2100-2159,IAH,MLU,262.0,EV,N13989
2002,9,18,3,645,820,95.0,0600-0659,SNA,PHX,338.0,WN,N700
2008,12,11,4,1605,1740,155.0,1600-1659,DFW,PHX,868.0,AA,N523AA
2020,3,4,3,1529,1652,83.0,1500-1559,EWR,BTV,266.0,EV,N11536
2010,11,29,1,1335,1437,62.0,1300-1359,ATL,SAV,215.0,DL,N3748Y
2013,1,1,2,2105,2235,150.0,2100-2159,DEN,LAX,862.0,WN,N425LV
2001,5,19,6,840,1114,154.0,0800-0859,MCO,EWR,938.0,CO,N14120
2018,10,21,7,1700,1833,93.0,1700-1759,PHX,LAX,370.0,AA,N563UW
2004,2,23,1,1800,1915,75.0,1800-1859,LAX,OAK,337.0,WN,N404
2008,9,1,1,2220,2344,84.0,2200-2259,SFO,PSP,421.0,OO,N726SK
2004,1,12,1,855,1053,118.0,0800-0859,BWI,ATL,576.0,FL,N924AT
2007,3,8,4,1826,1952,146.0,1800-1859,TPA,IAH,787.0,CO,N67134
2001,7,6,5,640,910,150.0,0600-0659,ATL,BOS,946.0,DL,-N689D
2013,1,21,1,801,933,92.0,0800-0859,ORD,MCI,403.0,EV,N14204
2003,10,16,4,1035,1254,139.0,1000-1059,IAH,IND,845.0,XE,N14953
2003,6,24,2,805,1053,168.0,0800-0859,SAN,SEA,1050.0,AS,N973AS
2017,12,31,7,1450,1715,85.0,1400-1459,BHM,TPA,459.0,WN,N410WN
2019,7,8,1,600,905,125.0,0600-0659,BHM,MIA,661.0,MQ,N663AR
2018,1,16,2,835,1030,175.0,0800-0859,TPA,MCI,1048.0,WN,N795SW
2004,10,13,3,1145,1305,80.0,1100-1159,DFW,SJT,228.0,MQ,N380AE
2011,3,2,3,1710,1915,185.0,1700-1759,FLL,ORD,1182.0,CO,N73256
2006,1,8,7,1535,1800,85.0,1500-1559,LGB,PHX,355.0,YV,N910FJ
2008,11,7,5,705,839,94.0,0700-0759,IND,ATL,432.0,DL,N646DL
2005,10,18,2,2010,2130,80.0,2000-2059,EWR,RIC,278.0,XE,N12946
2008,6,9,1,2015,2111,56.0,2000-2059,MSP,FSD,197.0,NW,N8944E
2000,2,8,2,1001,1220,79.0,1000-1059,DEN,OMA,472.0,UA,N7276U
2017,12,21,4,1814,2109,115.0,1800-1859,ORD,ALB,723.0,UA,N471UA
2013,10,19,6,1705,1755,110.0,1700-1759,BWI,BNA,587.0,WN,N923WN
2003,7,11,5,1915,2130,135.0,1900-1959,MCO,PIT,834.0,US,N427US
2010,11,27,6,1315,1651,156.0,1300-1359,PHX,MCI,1044.0,YV,N929LR
2000,2,6,7,2125,144,199.0,2100-2159,PHX,ORD,1440.0,HP,N803AW
2016,5,29,7,1051,1430,159.0,1000-1059,ORD,MCO,1005.0,NK,N608NK
2007,9,18,2,1300,1405,65.0,1300-1359,LAS,SAN,258.0,WN,N774SW
2011,1,28,5,1122,1210,48.0,1100-1159,DEN,EGE,120.0,UA,N479UA
2015,11,16,1,1305,1615,130.0,1300-1359,PHX,TUL,935.0,WN,N8644C
2011,2,26,6,1855,2120,85.0,1800-1859,ELP,DAL,562.0,WN,N222WN
2012,1,13,5,1635,1715,100.0,1600-1659,DFW,ELP,551.0,AA,N482AA
2009,6,4,4,1405,1600,115.0,1400-1459,DEN,MSO,679.0,OO,N944SW
2012,10,11,4,620,742,82.0,0600-0659,BDL,DCA,313.0,US,N750UW
2015,6,2,2,1825,1948,203.0,1800-1859,ATL,DEN,1199.0,DL,N904DA
2010,7,27,2,1022,1140,78.0,1000-1059,DFW,BTR,383.0,MQ,N900MQ
2015,6,24,3,605,759,114.0,0600-0659,GRR,LGA,618.0,EV,N615QX
2018,10,12,5,615,806,171.0,0600-0659,CLT,DFW,936.0,AA,N662AW
2013,11,11,1,1759,2000,121.0,1700-1759,CLT,JFK,541.0,9E,N925XJ
2011,10,3,1,655,745,50.0,0600-0659,CRP,HOU,187.0,WN,N646SW
2014,3,25,2,1115,1651,216.0,1100-1159,DEN,EWR,1605.0,UA,N528UA
2009,3,4,3,1655,1810,75.0,1600-1659,BDL,BWI,283.0,WN,N413WN
2000,8,14,1,1115,1216,61.0,1100-1159,DSM,STL,259.0,TW,N403TW
2005,11,3,4,1606,1845,159.0,1600-1659,AUS,ORD,978.0,AA,N598AA
2018,8,8,3,742,941,119.0,0700-0759,SAV,PHL,629.0,OH,N554NN
2004,9,10,5,1333,1436,63.0,1300-1359,AUS,DFW,190.0,AA,N450AA
2008,4,19,6,1655,1856,121.0,1600-1659,PHF,ATL,508.0,EV,N844AS
2007,10,4,4,855,1130,155.0,0800-0859,MDW,HOU,937.0,WN,N418WN
2020,1,29,3,1155,1404,129.0,1100-1159,IAH,STL,667.0,EV,N14105
2015,1,16,5,735,1040,125.0,0700-0759,MDW,LGA,725.0,WN,N449WN
2006,2,12,7,736,1015,219.0,0700-0759,STL,PHX,1262.0,US,N332AW
2018,8,2,4,825,954,89.0,0800-0859,IAD,BOS,413.0,UA,N33714
2017,2,28,2,1410,1723,253.0,1400-1459,SJU,JFK,1598.0,DL,N37700
2006,11,10,5,1700,2015,135.0,1700-1759,SAN,DEN,853.0,F9,N945FR
2007,4,5,4,600,724,84.0,0600-0659,DTW,IAD,383.0,YV,N47202
2007,8,11,6,945,1130,165.0,0900-0959,JFK,ORD,740.0,B6,N178JB
2008,10,22,3,1545,1723,98.0,1500-1559,JFK,PWM,274.0,OH,N798CA
2018,6,12,2,1800,1942,102.0,1800-1859,SFO,LAX,337.0,UA,N64809
2002,4,16,2,2120,2325,65.0,2100-2159,PHX,ABQ,328.0,WN,N656
2019,4,4,4,2139,2247,128.0,2100-2159,MIA,BHM,661.0,MQ,N918AE
2018,6,7,4,1935,2055,80.0,1900-1959,LAS,LAX,236.0,AS,N927VA
2007,1,23,2,905,1036,91.0,0900-0959,CVG,ROC,461.0,OH,N710CA
2007,9,16,7,800,1459,239.0,0800-0859,LAS,ATL,1747.0,DL,N136DL
2003,8,20,3,2117,2304,167.0,2100-2159,MSP,FCA,1025.0,NW,N339NW
2007,10,23,2,910,1050,280.0,0900-0959,ATL,LAS,1747.0,FL,N328AT
2016,6,3,5,920,1450,210.0,0900-0959,SNA,STL,1569.0,WN,N961WN
2013,12,17,2,1429,1546,77.0,1400-1459,CLT,CMH,347.0,YV,N908FJ
2014,8,14,4,1157,1437,160.0,1100-1159,MCO,DTW,957.0,DL,N822DN
2019,11,4,1,1503,1800,237.0,1500-1559,SJU,JFK,1598.0,B6,N516JB
2010,5,22,6,1740,1835,55.0,1700-1759,IAH,SAT,191.0,CO,N76269
2005,6,22,3,1130,1233,63.0,1100-1159,BOS,LGA,185.0,DL,N231DN
2007,8,9,4,945,1158,133.0,0900-0959,PIT,MCO,834.0,US,N518AU
2010,10,23,6,935,940,65.0,0900-0959,ATL,DHN,171.0,EV,N906EV
2003,6,14,6,2340,38,58.0,2300-2359,ATL,CHS,259.0,EV,N843AS
2000,2,27,7,1250,1400,70.0,1200-1259,OAK,ONT,362.0,WN,N692
2009,12,12,6,1630,1817,107.0,1600-1659,BOS,PHL,280.0,US,N967UW
2015,6,3,3,2000,2325,145.0,2000-2059,MSP,TTN,989.0,F9,N939FR
2017,3,28,2,2145,2255,70.0,2100-2159,STL,TUL,351.0,WN,N200WN
2005,8,24,3,1310,1340,90.0,1300-1359,ATL,IND,432.0,FL,N960AT
2006,3,25,6,1525,1535,70.0,1500-1559,DTW,MDW,229.0,NW,N918RW
2005,10,15,6,2025,2150,85.0,2000-2059,SLC,GTF,463.0,OO,N595SW
2012,8,12,7,2315,718,303.0,2300-2359,PDX,JFK,2454.0,DL,N3754A
2016,6,9,4,1530,1810,220.0,1500-1559,LGA,DAL,1381.0,VX,N524VA
2005,11,13,7,1027,1113,46.0,1000-1059,SDF,CVG,83.0,OH,N317CA
2017,1,2,1,905,925,80.0,0900-0959,CMH,MDW,283.0,WN,N8324A
2009,5,1,5,640,751,71.0,0600-0659,CLT,ATL,227.0,FL,N934AT
2002,9,18,3,1933,2226,113.0,1900-1959,ORD,ALB,723.0,AA,N583AA
2001,6,2,6,1455,1713,318.0,1400-1459,EWR,PHX,2133.0,CO,N38727
2012,9,19,3,904,1024,200.0,0900-0959,MSP,LAS,1299.0,DL,N668DN
2001,2,21,3,644,903,79.0,0600-0659,ORD,PIT,412.0,UA,N993ä1
2008,5,10,6,1611,1733,82.0,1600-1659,LAS,PHX,256.0,US,N651AW
2018,5,3,4,720,830,70.0,0700-0759,AVL,CLT,91.0,OH,N569NN
2011,5,26,4,1815,1930,75.0,1800-1859,LAS,RNO,345.0,WN,N438WN
2016,12,27,2,605,916,131.0,0600-0659,TUS,DFW,813.0,AA,N3CUAA
2005,12,11,7,1800,554,474.0,1800-1859,KOA,ORD,4213.0,UA,N212UA
2005,7,1,5,1815,1959,284.0,1800-1859,PIT,SAN,2106.0,US,N185UW
2012,6,6,3,2215,2320,65.0,2200-2259,ORD,DSM,299.0,MQ,N809MQ
2016,10,15,6,1635,1735,60.0,1600-1659,PHX,LAS,255.0,WN,N620SW
2018,5,3,4,1015,1150,95.0,1000-1059,LGA,CHO,305.0,MQ,N819AE
2012,10,6,6,1308,1434,86.0,1300-1359,ORD,BNA,409.0,EV,N16999
2009,5,19,2,1935,2028,53.0,1900-1959,DTW,AZO,113.0,9E,89779E
2015,9,28,1,1217,1415,118.0,1200-1259,ICT,ORD,588.0,OO,N423SW
2002,4,1,1,1930,2139,129.0,1900-1959,ATL,LGA,761.0,DL,N925DL
2003,7,15,2,1052,1225,153.0,1000-1059,MCO,DFW,984.0,AA,N449AA
2019,1,17,4,1129,1416,167.0,1100-1159,LAS,SEA,867.0,DL,N998AT
2014,5,7,3,759,1009,70.0,0700-0759,ORD,CVG,265.0,OO,N908SW
2017,5,18,4,545,640,55.0,0001-0559,OKC,DAL,181.0,WN,N785SW
2005,11,16,3,941,1225,104.0,0900-0959,OAK,SLC,589.0,OO,N417SW
2011,11,7,1,1455,1620,85.0,1400-1459,ATL,SDF,321.0,DL,N779NC
2004,3,7,7,2000,2138,98.0,2000-2059,BOS,DCA,399.0,US,N745UW
2013,11,3,7,830,1145,135.0,0800-0859,TUS,DFW,813.0,AA,N541AA
2014,11,9,7,920,1125,125.0,0900-0959,CLT,MIA,650.0,AA,N022AA
2010,5,30,7,1550,1803,133.0,1500-1559,MCO,CVG,756.0,DL,N963DL
2019,5,27,1,925,1110,165.0,0900-0959,DEN,SBA,916.0,OO,N207SY
2018,11,10,6,1437,1742,125.0,1400-1459,PSP,DEN,776.0,OO,N920SW
2011,2,25,5,1740,1900,80.0,1700-1759,ONT,SMF,390.0,WN,N646SW
2018,3,30,5,1655,1912,137.0,1600-1659,LGA,DTW,502.0,DL,N372NW
2012,12,5,3,704,746,42.0,0700-0759,KOA,HNL,163.0,HA,N480HA
2018,9,24,1,2235,2332,57.0,2200-2259,FLL,TPA,197.0,NK,N630NK
2000,10,5,4,2025,2205,160.0,2000-2059,MSP,ABQ,981.0,NW,N298US
2015,3,9,1,1400,1630,270.0,1400-1459,BNA,SAN,1751.0,WN,N8302F
2009,8,18,2,705,815,70.0,0700-0759,FLG,PHX,119.0,YV,N987HA
2005,8,31,3,1445,1548,63.0,1400-1459,ANC,AKN,289.0,AS,N747AS
2009,4,3,5,1535,1705,90.0,1500-1559,DFW,MFE,468.0,AA,N481AA
2014,2,10,1,1815,2015,120.0,1800-1859,FLL,ATL,581.0,WN,N267WN
2000,10,30,1,2225,2234,69.0,2200-2259,CLT,BNA,329.0,US,N385US
2014,6,19,4,1000,1059,59.0,1000-1059,LAX,SMX,134.0,OO,N580SW
2009,4,5,7,2120,2233,73.0,2100-2159,IAH,LRD,301.0,XE,N14933
2009,1,22,4,2150,2305,75.0,2100-2159,BWI,MHT,377.0,WN,N240WN
2004,12,17,5,1820,2148,148.0,1800-1859,DFW,DTW,987.0,NW,N368NB
2012,11,13,2,1950,2108,78.0,1900-1959,PHX,ELP,347.0,OO,N468CA
2007,9,5,3,1414,1515,61.0,1400-1459,MFR,PDX,222.0,OO,N566SW
2005,3,24,4,1900,2014,74.0,1900-1959,CMH,CLT,346.0,US,N700UW
2009,1,26,1,1510,1630,80.0,1500-1559,BOS,LGA,185.0,MQ,N717MQ
2000,3,27,1,1638,1747,69.0,1600-1659,SAT,DFW,247.0,AA,N508AA
2008,7,30,3,845,1200,135.0,0800-0859,ORD,BOS,867.0,AA,N516AA
2001,8,8,3,1520,1620,60.0,1500-1559,DAL,LIT,296.0,WN,N749@@
2013,5,9,4,1420,1559,99.0,1400-1459,SEA,SMF,605.0,AS,N532AS
2004,1,9,5,1545,1900,135.0,1500-1559,ORD,HPN,738.0,DH,N621BR
2008,1,14,1,2035,2154,79.0,2000-2059,CLE,BWI,314.0,XE,N13936
2009,4,10,5,700,934,154.0,0700-0759,DTW,TPA,983.0,NW,N530US
2011,3,8,2,1220,1345,145.0,1200-1259,MIA,BNA,806.0,MQ,N650MQ
2017,12,14,4,508,644,96.0,0001-0559,TPA,CLT,507.0,AA,N124AA
2018,1,11,4,625,730,65.0,0600-0659,PIT,IAD,182.0,YV,N82338
2014,4,24,4,1217,2025,308.0,1200-1259,LAS,BOS,2381.0,B6,N506JB
2012,10,15,1,1715,1800,105.0,1700-1759,MCI,DEN,533.0,WN,N789SW
2015,7,18,6,1955,2045,110.0,1900-1959,DEN,PHX,602.0,WN,N252WN
2011,1,22,6,1205,1328,83.0,1200-1259,BWI,CLT,361.0,US,N454UW
2012,11,3,6,1638,1725,47.0,1600-1659,ORD,MKE,67.0,OO,N938SW
2004,8,2,1,705,935,90.0,0700-0759,IND,BWI,515.0,WN,N771
2018,2,28,3,1430,1736,126.0,1400-1459,ORD,LGA,733.0,AA,N973NN
2017,6,7,3,1655,1927,212.0,1600-1659,SEA,ANC,1448.0,AS,N317AS
2000,8,10,4,1900,2231,151.0,1900-1959,SJC,DEN,949.0,AA,NR54AA
2014,7,4,5,1540,1815,155.0,1500-1559,PIT,FLL,994.0,WN,N294WN
2007,7,26,4,1605,1900,235.0,1600-1659,LGA,DFW,1389.0,AA,N574AA
2015,4,26,7,1317,1410,53.0,1300-1359,SBA,LAX,89.0,OO,N983CA
2001,1,30,2,1100,1409,189.0,1100-1159,EWR,RSW,1068.0,CO,N13138
2000,2,8,2,1450,1634,104.0,1400-1459,MCI,DFW,460.0,AA,N873AA
2011,3,19,6,1115,1310,175.0,1100-1159,MSP,SLC,991.0,DL,N904DA
2007,4,10,2,1010,1127,77.0,1000-1059,JFK,IAD,228.0,YV,N501MJ
2004,2,27,5,745,1025,160.0,0700-0759,PBI,ISP,1052.0,WN,N318
2014,11,22,6,700,1118,198.0,0700-0759,HOU,JFK,1428.0,B6,N328JB
2008,5,2,5,715,755,100.0,0700-0759,IND,MSP,503.0,NW,N347NW
2000,3,9,4,1630,1922,352.0,1600-1659,FLL,LAX,2342.0,AA,N5BYAA
2019,5,21,2,1200,1504,364.0,1200-1259,EWR,SFO,2565.0,UA,N16009
2019,4,6,6,845,1000,75.0,0800-0859,RNO,LAS,345.0,WN,N708SW
2019,8,31,6,1351,1528,97.0,1300-1359,BOS,PHL,280.0,B6,N346JB
2008,8,7,4,2150,2250,60.0,2100-2159,LAS,SAN,258.0,WN,N243WN
2019,10,15,2,1132,1454,142.0,1100-1159,BUR,DEN,850.0,UA,N475UA
2006,1,26,4,1848,2018,90.0,1800-1859,JAN,DFW,408.0,MQ,N923AE
2012,7,24,2,1544,1859,195.0,1500-1559,FLL,EWR,1065.0,UA,N33284
2018,8,5,7,1750,1932,102.0,1700-1759,ORD,MSP,334.0,YX,N646RW
2005,10,7,5,700,1014,194.0,0700-0759,BOS,FLL,1237.0,US,N745UW
2014,1,19,7,1730,1930,120.0,1700-1759,IAD,ATL,534.0,DL,N982DL
2018,4,18,3,1622,1923,181.0,1600-1659,LGA,TPA,1010.0,DL,N986AT
2009,12,12,6,1415,1617,182.0,1400-1459,GRR,IAH,1042.0,XE,N16149
2018,4,30,1,1535,1835,120.0,1500-1559,DEN,STL,770.0,WN,N8714Q
2017,11,8,3,1540,1905,145.0,1500-1559,PDX,DEN,991.0,WN,N7816B
2009,5,29,5,1332,1533,121.0,1300-1359,PHX,OAK,646.0,YV,N926LR
2004,1,4,7,1900,2134,154.0,1900-1959,CLE,TPA,927.0,CO,N58606
2010,1,11,1,810,945,95.0,0800-0859,ORD,SGF,438.0,OO,N943SW
2005,9,16,5,1650,1949,239.0,1600-1659,EWR,IAH,1400.0,CO,N14102
2013,6,23,7,841,1008,147.0,0800-0859,BDL,ORD,783.0,UA,N496UA
2001,8,13,1,2035,2145,70.0,2000-2059,STL,LIT,296.0,WN,N633@@
2009,11,25,3,1016,1136,80.0,1000-1059,SLC,DEN,390.0,F9,N801FR
2003,12,2,2,1815,2130,135.0,1800-1859,AUS,TPA,928.0,WN,N723
2003,7,9,3,952,1050,58.0,0900-0959,PSP,LAS,173.0,OO,N299SW
2005,9,14,3,1659,1950,231.0,1600-1659,LGA,DFW,1389.0,AA,N3AJAA
2004,5,15,6,1935,2102,87.0,1900-1959,SDF,ATL,321.0,DL,N939DL
2004,7,15,4,1030,1246,316.0,1000-1059,SFO,HNL,2399.0,TZ,N557TZ
2012,7,12,4,1500,1606,66.0,1500-1559,LGB,LAS,231.0,B6,N590JB
2010,10,15,5,1210,1315,65.0,1200-1259,ONT,PHX,325.0,WN,N238WN
2008,11,30,7,2230,2220,50.0,2200-2259,ATL,DHN,171.0,EV,N886AS
2010,4,19,1,1318,1615,117.0,1300-1359,ORD,CLT,599.0,UA,N808UA
2008,12,21,7,1855,2256,361.0,1800-1859,JFK,PHX,2153.0,B6,N509JB
2013,3,17,7,1829,2104,215.0,1800-1859,ORD,SLC,1250.0,OO,N800SK
2009,10,27,2,1925,2240,135.0,1900-1959,MDW,BOS,861.0,WN,N761RR
2009,2,20,5,615,750,95.0,0600-0659,GSO,LGA,461.0,OH,N916CA
2018,1,20,6,600,1235,275.0,0600-0659,PHX,EWR,2133.0,UA,N68802
2019,5,4,6,1426,1733,127.0,1400-1459,DFW,TLH,767.0,MQ,N273NN
2002,7,9,2,1010,1231,81.0,1000-1059,DEN,OMA,472.0,UA,N391UA
2004,5,29,6,1440,1615,215.0,1400-1459,IAH,SNA,1347.0,CO,N11656
2000,6,22,4,800,845,105.0,0800-0859,ROC,ORD,528.0,UA,N332UA
2018,10,3,3,837,1013,156.0,0800-0859,DTW,MSY,926.0,DL,N969AT
2018,7,29,7,904,1356,232.0,0900-0959,AUS,JFK,1521.0,AA,N925AN
2004,7,28,3,700,838,158.0,0700-0759,SAV,DFW,925.0,EV,N841AS
2007,1,11,4,1039,1256,257.0,1000-1059,DTW,PHX,1671.0,NW,N539US
2009,11,10,2,1345,1540,115.0,1300-1359,IAH,MCI,643.0,XE,N26545
2007,8,14,2,2010,2100,110.0,2000-2059,DEN,PHX,602.0,WN,N637SW
2003,8,30,6,1320,1442,142.0,1300-1359,COS,LAX,833.0,OO,N910SW
2018,7,1,7,1555,1811,76.0,1500-1559,ORD,LEX,323.0,OO,N732SK
2007,4,24,2,1459,1715,136.0,1400-1459,BUF,ATL,712.0,OO,N810SK
2013,3,24,7,1100,1313,73.0,1100-1159,ORD,CVG,265.0,9E,N8969A
2002,5,29,3,1335,1441,66.0,1300-1359,RST,ORD,268.0,AA,N2CWAA
2009,2,28,6,839,1250,191.0,0800-0859,SLC,ORD,1249.0,OO,N821SK
2002,9,29,7,730,935,125.0,0700-0759,PDX,LAS,762.0,WN,N733
2005,3,19,6,1800,2111,131.0,1800-1859,ORD,LGA,733.0,AA,N582AA
2013,12,17,2,1545,1725,160.0,1500-1559,TUL,PHX,935.0,WN,N665WN
2007,2,2,5,1530,1715,165.0,1500-1559,BOS,MDW,861.0,FL,N934AT
2018,3,5,1,1940,2113,93.0,1900-1959,IAH,TUL,429.0,YV,N80348
2016,12,30,5,800,1017,137.0,0800-0859,SEA,SBA,908.0,OO,N177SY
2014,8,31,7,1310,1525,135.0,1300-1359,DFW,ORD,802.0,AA,N547AA
2013,7,17,3,1400,1504,124.0,1400-1459,DCA,ORD,612.0,UA,N29717
2012,1,21,6,700,828,88.0,0700-0759,LGB,SMF,387.0,B6,N559JB
2015,4,7,2,1335,1443,68.0,1300-1359,LAS,LAX,236.0,NK,N524NK
2002,8,1,4,1419,1524,185.0,1400-1459,DSM,PHX,1149.0,HP,N155AW
2008,4,1,2,1530,1910,160.0,1500-1559,HDN,ORD,1009.0,AA,N633AA
2001,9,26,3,1821,1939,78.0,1800-1859,SNA,PHX,338.0,HP,N314Aæ
2005,12,31,6,1005,1246,281.0,1000-1059,ORD,OAK,1836.0,UA,N848UA
2001,4,13,5,2232,2351,199.0,2200-2259,DFW,ONT,1188.0,AA,N511A1
2014,4,4,5,620,704,44.0,0600-0659,RDM,PDX,116.0,OO,N569SW
2019,10,20,7,1955,2338,163.0,1900-1959,IAH,GRR,1042.0,YX,N722YX
2011,1,3,1,1137,1643,186.0,1100-1159,SAN,IAH,1303.0,CO,N78501
2012,2,26,7,1755,2049,234.0,1700-1759,PDX,ANC,1542.0,AS,N536AS
2020,3,10,2,1006,1125,79.0,1000-1059,DTW,IND,231.0,9E,N197PQ
2019,3,28,4,540,648,68.0,0001-0559,TLH,ATL,223.0,DL,N951AT
2017,1,18,3,1929,2344,195.0,1900-1959,DFW,EWR,1372.0,UA,N437UA
2009,3,13,5,1850,2107,77.0,1800-1859,ORD,LEX,323.0,OO,N920SW
2012,9,27,4,735,900,85.0,0700-0759,ATL,RDU,356.0,DL,N3731T
2017,4,17,1,1106,1427,141.0,1100-1159,IAH,IND,844.0,EV,N12135
2009,6,17,3,1025,1435,250.0,1000-1059,BWI,SJU,1565.0,FL,N149AT
2015,2,24,2,1610,1646,96.0,1600-1659,ATL,LIT,453.0,DL,N327NB
2006,10,11,3,705,842,97.0,0700-0759,IND,ATL,432.0,DL,N983DL
2005,7,26,2,1045,1250,245.0,1000-1059,DFW,SEA,1660.0,AA,N478AA
2005,6,17,5,645,1412,267.0,0600-0659,SNA,CVG,1877.0,DL,N659DL
2014,3,10,1,845,1100,135.0,0800-0859,ATL,LGA,762.0,FL,N985AT
2007,8,28,2,900,1033,153.0,0900-0959,IAH,MTJ,926.0,XE,N18120
2000,8,9,3,805,845,40.0,0800-0859,HOU,AUS,148.0,WN,N328
2005,2,10,4,1425,1557,92.0,1400-1459,IAH,ABI,307.0,OO,N58733
2000,1,9,7,1810,2235,145.0,1800-1859,LAS,SAT,1069.0,WN,N300
2005,2,5,6,830,935,65.0,0800-0859,HOU,JAN,359.0,WN,N409
2014,9,26,5,1930,2040,70.0,1900-1959,LAS,LAX,236.0,VX,N849VA
2004,9,10,5,700,745,45.0,0700-0759,MBS,DTW,98.0,NW,N945N
2002,3,7,4,2035,2150,75.0,2000-2059,ATL,GSO,306.0,DL,N3764D
2009,8,14,5,700,906,126.0,0700-0759,SFO,SEA,679.0,AS,N527AS
2006,4,3,1,956,1042,46.0,0900-0959,LAX,PSP,110.0,OO,N224SW
2002,8,18,7,2126,2250,204.0,2100-2159,STL,LAS,1372.0,AA,N5WCAA
2019,1,2,3,630,920,110.0,0600-0659,MKE,BWI,641.0,WN,N429WN
2003,7,14,1,900,1103,303.0,0900-0959,DTW,SFO,2079.0,NW,N523US
2011,11,18,5,1655,2030,155.0,1600-1659,SLC,DFW,989.0,OO,N825SK
2008,9,17,3,1931,2015,104.0,1900-1959,DTW,STL,440.0,NW,N600TR
2001,5,6,7,1735,1900,85.0,1700-1759,SAN,OAK,446.0,WN,N520@@
2016,12,29,4,1310,1353,43.0,1300-1359,HNL,OGG,100.0,HA,N481HA
2017,10,30,1,1625,1805,160.0,1600-1659,MCO,AUS,994.0,WN,N7712G
2009,5,30,6,1115,1920,305.0,1100-1159,SAN,BWI,2295.0,WN,N467WN
2010,5,4,2,1315,1925,250.0,1300-1359,SFO,MDW,1855.0,WN,N354SW
2019,4,8,1,2015,2140,85.0,2000-2059,SMF,SAN,480.0,WN,N8638A
2001,1,20,6,755,1045,170.0,0700-0759,FLL,ISP,1093.0,DL,-N330D
2004,11,30,2,1030,1210,100.0,1000-1059,RDU,BDL,532.0,MQ,N822AE
2002,5,27,1,700,803,63.0,0700-0759,SBP,LAX,155.0,MQ,N386MQ
2010,6,15,2,1958,2044,46.0,1900-1959,PHX,TUS,110.0,YV,N908FJ
2012,8,24,5,1830,2002,92.0,1800-1859,BOS,BUF,395.0,B6,N236JB
2014,10,1,3,810,1042,152.0,0800-0859,MCO,LGA,950.0,DL,N339NB
2000,7,15,6,1845,1920,35.0,1800-1859,SIT,JNU,95.0,AS,N771AS
2002,6,2,7,1903,2112,129.0,1900-1959,IAH,STL,667.0,CO,N14645
2014,7,23,3,1515,1710,175.0,1500-1559,MCO,ORD,1005.0,AA,N4YLAA
2009,1,2,5,1825,2110,165.0,1800-1859,TPA,ALB,1130.0,WN,N314SW
2004,8,4,3,730,828,58.0,0700-0759,DCA,PIT,205.0,US,N120UW
2017,10,8,7,1915,2151,156.0,1900-1959,SEA,LAS,867.0,DL,N954AT
2007,9,14,5,1342,1605,83.0,1300-1359,ORD,CLE,316.0,UA,N492UA
2018,12,23,7,1800,1955,115.0,1800-1859,DTW,EWR,488.0,YX,N736YX
2018,11,11,7,705,835,150.0,0700-0759,LGA,BNA,764.0,WN,N234WN
2002,6,20,4,950,1108,78.0,0900-0959,LAS,LAX,236.0,HP,N164AW
2007,1,15,1,1130,1244,74.0,1100-1159,BTR,MEM,319.0,NW,N8944E
2002,1,30,3,1330,1631,121.0,1300-1359,DEN,SAT,794.0,UA,N481ä1
2017,3,31,5,910,1210,120.0,0900-0959,ELP,IAH,667.0,EV,N11189
2004,11,26,5,1653,1805,72.0,1600-1659,ROC,EWR,246.0,XE,N12563
2002,2,19,2,1530,1625,55.0,1500-1559,HOU,DAL,239.0,WN,N86@@@
2004,11,12,5,900,1152,112.0,0900-0959,SJC,PHX,622.0,HP,N332AW
2012,9,17,1,2041,2055,74.0,2000-2059,ATL,VPS,250.0,EV,N615QX
2006,11,21,2,2110,2330,140.0,2100-2159,MIA,DCA,920.0,AA,N3AMAA
2007,7,4,3,1740,2115,155.0,1700-1759,IAH,MIA,964.0,AA,N3BRAA
2011,10,18,2,1630,20,290.0,1600-1659,LAS,JFK,2248.0,DL,N652DL
2010,10,28,4,1433,1721,348.0,1400-1459,JFK,LAS,2248.0,B6,N708JB
2004,9,17,5,915,1350,155.0,0900-0959,PHX,HOU,1020.0,WN,N323
2008,2,14,4,620,735,75.0,0600-0659,MDW,BNA,395.0,WN,N477WN
2019,4,19,5,935,1045,70.0,0900-0959,PHX,LAS,255.0,WN,N8664J
2006,5,31,3,724,1040,196.0,0700-0759,LGA,MIA,1097.0,DL,N920DL
2007,6,28,4,1940,2300,140.0,1900-1959,ORD,PVD,849.0,MQ,N682AE
2017,5,21,7,2225,105,160.0,2200-2259,MCO,PVD,1072.0,WN,N8527Q
2013,1,9,3,1420,1515,115.0,1400-1459,DAL,ABQ,580.0,WN,N925WN
2002,3,18,1,1330,1603,273.0,1300-1359,ORD,SFO,1846.0,UA,N835UA
2019,11,21,4,2152,2236,44.0,2100-2159,CLT,GSP,75.0,OH,N505AE
2000,5,9,2,1500,1619,79.0,1500-1559,MSP,ORD,334.0,UA,N994UA
2018,5,2,3,1626,1707,101.0,1600-1659,ATL,BTR,448.0,EV,N740EV
2019,7,15,1,2025,2209,104.0,2000-2059,DTW,EWR,488.0,DL,N114DU
2009,1,30,5,730,840,70.0,0700-0759,SAT,DFW,247.0,AA,N522AA
2011,7,24,7,1830,1945,75.0,1800-1859,SAN,SJC,417.0,WN,N427WN
2016,9,3,6,1030,1155,205.0,1000-1059,STL,LAS,1371.0,WN,N656SW
2007,5,23,3,1955,2105,70.0,1900-1959,ONT,OAK,362.0,WN,N234WN
2002,3,3,7,1340,1615,155.0,1300-1359,TPA,ISP,1034.0,WN,N405
2009,6,13,6,2110,510,300.0,2100-2159,KOA,SFO,2367.0,UA,N595UA
2006,9,28,4,615,755,100.0,0600-0659,BOS,PIT,496.0,US,N113UW
2007,3,4,7,1305,1709,184.0,1300-1359,TUS,MSP,1298.0,NW,N369NW
2003,2,26,3,645,843,118.0,0600-0659,ATL,PHL,665.0,US,N514AU
2002,11,29,5,1530,1638,68.0,1500-1559,MSY,IAH,305.0,CO,N34137
2012,6,18,1,734,859,85.0,0700-0759,IAH,OKC,395.0,EV,N14937
2002,9,23,1,1910,2109,119.0,1900-1959,MIA,ATL,595.0,AA,N5EHAA
2005,12,11,7,750,1026,276.0,0700-0759,EWR,DEN,1605.0,UA,N829UA
2002,6,28,5,1655,1819,84.0,1600-1659,MEM,IND,381.0,NW,N965N
2007,4,3,2,1845,1935,50.0,1800-1859,ORD,CMI,135.0,MQ,N628AE
2018,11,7,3,1511,1640,89.0,1500-1559,BOS,JFK,187.0,9E,N904XJ
2005,8,31,3,2040,2119,99.0,2000-2059,SLC,PSP,541.0,OO,N465SW
2005,7,17,7,1430,1715,165.0,1400-1459,SRQ,EWR,1034.0,XE,N25134
2001,12,22,6,645,800,75.0,0600-0659,JAN,HOU,359.0,WN,N364@@
2013,9,4,3,1315,1420,65.0,1300-1359,BWI,BDL,283.0,WN,N650SW
2016,1,25,1,1620,1824,124.0,1600-1659,ATL,DTW,594.0,DL,N3752
2019,6,12,3,1207,1441,94.0,1200-1259,ORD,BUF,473.0,MQ,N527EA
2006,9,24,7,1555,1649,114.0,1500-1559,SLC,BUR,574.0,OO,N862AS
2016,9,22,4,710,858,228.0,0700-0759,ORD,PHX,1440.0,AA,N182UW
2002,8,4,7,1730,628,478.0,1700-1759,HNL,STL,4130.0,AA,N6TJAA
2018,12,30,7,1000,1146,106.0,1000-1059,DTW,BOS,632.0,DL,N326NB
2005,3,3,4,1610,1714,64.0,1600-1659,MAF,DFW,309.0,MQ,N847AE
2008,10,14,2,638,807,89.0,0600-0659,ORD,BNA,409.0,OO,N939SW
2019,7,2,2,947,1230,163.0,0900-0959,MIA,PIT,1013.0,YX,N425YX
2001,3,13,2,640,825,105.0,0600-0659,HOU,BNA,670.0,WN,N334@@
2016,12,8,4,1231,1946,315.0,1200-1259,HNL,SFO,2398.0,UA,N73256
2017,5,13,6,1730,2025,175.0,1700-1759,ORD,AUS,977.0,OO,N121SY
2015,1,20,2,1419,1719,180.0,1400-1459,LGA,PBI,1035.0,B6,N556JB
2005,2,13,7,741,935,114.0,0700-0759,PVD,RDU,566.0,MQ,N667GB
2002,1,7,1,1320,1814,174.0,1300-1359,SAN,DFW,1171.0,AA,N440A1
2013,7,5,5,715,823,68.0,0700-0759,IAH,DFW,224.0,OO,N679SA
2010,5,10,1,910,1155,165.0,0900-0959,CLE,FLL,1062.0,CO,N75429
2006,7,4,2,1055,1150,55.0,1000-1059,DAL,SAT,248.0,WN,N509
2019,11,18,1,639,904,85.0,0600-0659,ATW,DTW,296.0,9E,N937XJ
2004,9,27,1,1455,1555,60.0,1400-1459,RDU,BWI,255.0,WN,N701GS
2007,3,28,3,1442,1549,67.0,1400-1459,GRB,MSP,252.0,NW,N8932E
2005,7,28,4,648,1029,161.0,0600-0659,STL,MIA,1068.0,AA,N5DTAA
2012,12,20,4,1355,1507,132.0,1300-1359,CLE,MCI,694.0,OO,N980SW
2000,7,9,7,1359,1606,187.0,1300-1359,DCA,DFW,1192.0,AA,N537AA
2006,12,29,5,1850,1939,109.0,1800-1859,IND,MSP,503.0,NW,N677MC
2010,12,17,5,1629,1804,95.0,1600-1659,TPA,ATL,406.0,DL,N666DN
2000,8,9,3,703,941,218.0,0700-0759,LGA,DFW,1389.0,AA,N5CWAA
2002,6,10,1,1445,1555,70.0,1400-1459,JFK,BOS,187.0,DL,N154DL
2004,9,16,4,855,1149,354.0,0800-0859,EWR,SNA,2433.0,CO,N17719
2015,12,13,7,1144,1403,79.0,1100-1159,ORD,DTW,235.0,MQ,N534MQ
2015,5,11,1,1700,1931,151.0,1700-1759,LAS,SEA,867.0,AS,N525AS
2019,7,10,3,1455,1645,110.0,1400-1459,DCA,SDF,474.0,YX,N418YX
2017,3,15,3,1200,1655,175.0,1200-1259,LAS,HOU,1235.0,WN,N966WN
2000,10,20,5,1345,1531,166.0,1300-1359,CLT,MSP,930.0,NW,N602NW
2001,3,18,7,800,1040,100.0,0800-0859,BNA,TPA,612.0,WN,N701@@
2001,7,13,5,1735,2042,127.0,1700-1759,IAH,ATL,689.0,CO,N33805
2019,1,30,3,1733,1915,102.0,1700-1759,RDU,ATL,356.0,DL,N867DN
2016,12,27,2,1335,1703,148.0,1300-1359,SAN,DEN,853.0,UA,N17244
2002,7,21,7,1205,1342,97.0,1200-1259,DCA,ATL,547.0,DL,N947DL
2010,8,28,6,1130,1305,155.0,1100-1159,CHS,IAH,925.0,XE,N14543
2018,2,9,5,1135,1527,412.0,1100-1159,PHX,KOA,2860.0,AA,N200UU
2003,11,18,2,945,1310,325.0,0900-0959,SMF,HNL,2462.0,HA,N591HA
2007,4,16,1,1500,2214,254.0,1500-1559,PHX,FLL,1972.0,US,N915AW
2007,7,18,3,2010,2324,134.0,2000-2059,SAN,DEN,853.0,F9,N930FR
2014,2,11,2,720,925,185.0,0700-0759,CMH,DFW,926.0,AA,N599AA
2011,8,29,1,1642,1836,114.0,1600-1659,GSP,DTW,508.0,EV,N451CA
2018,7,9,1,1820,2330,190.0,1800-1859,LAX,DFW,1235.0,AA,N959NN
2013,2,15,5,1345,1506,81.0,1300-1359,DTW,ELM,332.0,EV,N760EV
2011,7,8,5,1100,1420,380.0,1100-1159,JFK,SFO,2586.0,UA,N554UA
2017,10,19,4,1410,1605,115.0,1400-1459,BWI,ATL,577.0,WN,N708SW
2012,10,2,2,855,1335,160.0,0800-0859,PHX,MCI,1044.0,US,N826AW
2008,10,23,4,600,905,125.0,0600-0659,BNA,LGA,764.0,AA,N556AA
2005,8,21,7,2015,2106,111.0,2000-2059,DEN,LAS,629.0,UA,N485UA
2012,11,3,6,1055,1150,55.0,1000-1059,GGG,DFW,140.0,MQ,N735MQ
2009,9,19,6,1250,1450,240.0,1200-1259,DFW,PDX,1616.0,AA,N4XHAA
2005,4,13,3,1008,1129,81.0,1000-1059,CRW,ATL,363.0,OH,N957CA
2006,1,15,7,1130,1300,90.0,1100-1159,BOS,PHL,280.0,US,N750UW
2004,10,19,2,1605,2100,175.0,1600-1659,PHX,STL,1262.0,WN,N699SW
2004,8,25,3,1900,2012,72.0,1900-1959,CVG,GSO,330.0,DL,N307DL
2019,6,13,4,600,902,122.0,0600-0659,OKC,ATL,761.0,DL,N991DL
2006,4,20,4,1305,1405,60.0,1300-1359,HOU,MSY,303.0,WN,N310
2017,6,12,1,2015,2210,115.0,2000-2059,CLT,EWR,529.0,AA,N679AA
2003,3,30,7,1545,1705,80.0,1500-1559,DFW,BTR,383.0,EV,N837AS
2002,8,19,1,1600,1725,85.0,1600-1659,MSP,ORD,334.0,UA,N357UA
2008,3,29,6,950,1050,60.0,0900-0959,RDU,BWI,255.0,WN,N235WN
2001,7,19,4,1725,2056,151.0,1700-1759,MSP,ATL,906.0,DL,-N986D
2004,12,23,4,1558,1716,138.0,1500-1559,ATL,DSM,743.0,EV,N875AS
2016,8,4,4,1450,1508,78.0,1400-1459,TVC,ORD,224.0,OO,N945SW
2004,7,27,2,820,1108,108.0,0800-0859,MSP,CVG,596.0,OH,N523CA
2014,5,1,4,1352,1445,113.0,1300-1359,DEN,LAS,628.0,F9,N927FR
2014,9,19,5,1130,1421,171.0,1100-1159,EWR,MCO,937.0,UA,N13110
2018,11,14,3,1528,2143,255.0,1500-1559,SFO,ORD,1846.0,AA,N960AN
2005,2,6,7,1715,1904,109.0,1700-1759,ORF,CVG,485.0,OH,N487CA
2013,6,17,1,2205,2356,111.0,2200-2259,ATL,DCA,547.0,FL,N980AT
2002,9,7,6,935,1140,125.0,0900-0959,GEG,OAK,723.0,WN,N799
2007,7,19,4,940,1147,127.0,0900-0959,CLT,JFK,541.0,YV,N930LR
2012,6,20,3,1120,1819,239.0,1100-1159,LAS,DTW,1749.0,DL,N550NW
2005,4,3,7,1401,1635,154.0,1400-1459,PVD,ATL,903.0,DL,N961DL
2002,8,3,6,1500,1608,128.0,1500-1559,AUS,DEN,775.0,UA,N393UA
2000,1,31,1,1140,1255,195.0,1100-1159,DFW,LAX,1235.0,UA,N815UA
2001,3,10,6,815,910,55.0,0800-0859,IAH,DAL,217.0,WN,N379@@
2000,4,15,6,1149,1346,117.0,1100-1159,SFO,PHX,651.0,HP,N313AW
2018,10,14,7,1110,1358,168.0,1100-1159,DFW,FAR,968.0,MQ,N225NN
2011,4,4,1,725,850,85.0,0700-0759,BWI,BOS,370.0,WN,N937WN
2008,11,23,7,1301,1459,118.0,1300-1359,DTW,EWR,487.0,XE,N18982
2012,7,5,4,1647,1739,112.0,1600-1659,IAD,BNA,542.0,EV,N14953
2005,6,6,1,1300,1350,50.0,1300-1359,AUS,DAL,189.0,WN,N316SW
2006,11,14,2,1600,1655,55.0,1600-1659,SEA,GEG,224.0,AS,N756AS
2005,6,14,2,1925,2105,160.0,1900-1959,PHL,ORD,678.0,UA,N301UA
2019,11,15,5,1508,1805,117.0,1500-1559,MSP,DAY,574.0,9E,N8974C
2016,6,23,4,905,1135,90.0,0900-0959,BHM,MCO,479.0,WN,N556WN
2007,11,24,6,1925,2025,60.0,1900-1959,DAL,LIT,296.0,WN,N309SW
2008,8,31,7,1405,1619,134.0,1400-1459,EWR,SDF,642.0,XE,N13965
2015,3,15,7,1656,1903,247.0,1600-1659,MCI,SFO,1499.0,OO,N130SY
2013,4,14,7,2233,2359,86.0,2200-2259,LAX,TUS,451.0,OO,N952SW
2006,5,13,6,1822,2020,118.0,1800-1859,OAK,SEA,671.0,AS,N974AS
2020,1,2,4,2212,2342,150.0,2200-2259,CLT,MCI,808.0,AA,N966NN
2005,9,21,3,1920,2106,106.0,1900-1959,EWR,GSO,446.0,XE,N14933
2006,8,8,2,1449,1743,114.0,1400-1459,DEN,DFW,641.0,AA,N3AGAA
2006,4,26,3,2220,58,218.0,2200-2259,SEA,ANC,1449.0,AS,N797AS
2006,6,30,5,1325,1935,250.0,1300-1359,SLC,BWI,1864.0,WN,N762
2005,4,6,3,645,811,86.0,0600-0659,OAK,SNA,371.0,AS,N617AS
2013,12,20,5,925,1735,310.0,0900-0959,PDX,BOS,2537.0,AS,N551AS
2017,9,27,3,1939,2036,57.0,1900-1959,ATL,GSP,153.0,DL,N968DL
2015,6,22,1,943,1119,156.0,0900-0959,ABQ,SFO,896.0,OO,N917SW
2005,4,6,3,745,1121,156.0,0700-0759,MSP,ATL,906.0,DL,N326DL
2013,10,20,7,820,1132,192.0,0800-0859,BOS,PBI,1197.0,B6,N520JB
2018,11,28,3,1620,1850,210.0,1600-1659,EYW,ORD,1251.0,YX,N636RW
2019,11,8,5,705,815,130.0,0700-0759,SLC,SJC,584.0,WN,N764SW
2009,10,2,5,1307,1434,87.0,1300-1359,ILM,ATL,377.0,EV,N447CA
2012,11,26,1,2140,2300,80.0,2100-2159,BWI,CMH,337.0,WN,N943WN
2017,12,20,3,900,1132,152.0,0900-0959,MCO,EWR,937.0,UA,N410UA
2001,9,17,1,1450,1755,185.0,1400-1459,TPA,BOS,1185.0,US,N271Aä
2019,10,24,4,543,745,122.0,0001-0559,FAR,ORD,557.0,MQ,N663AR
2009,4,18,6,1205,1519,194.0,1200-1259,FLL,BOS,1237.0,B6,N648JB
2003,1,8,3,915,1136,321.0,0900-0959,CLE,SFO,2161.0,CO,N24729
2008,10,8,3,822,937,75.0,0800-0859,IAD,EWR,213.0,YV,N27191
2011,7,6,3,815,1150,155.0,0800-0859,DFW,PIT,1067.0,AA,N4XNAA
2007,3,19,1,1426,1518,112.0,1400-1459,ATL,MDW,590.0,FL,N994AT
2008,7,3,4,715,907,112.0,0700-0759,CHA,DTW,505.0,9E,88289E
2015,4,5,7,1750,2018,328.0,1700-1759,PHL,LAS,2176.0,US,N580UW
2015,9,13,7,2210,2351,101.0,2200-2259,ATL,RSW,515.0,DL,N910DN
2010,2,24,3,1005,1227,142.0,1000-1059,DCA,TPA,814.0,US,N712US
2013,2,14,4,1319,1449,90.0,1300-1359,BIL,DEN,455.0,UA,N850UA
2020,3,13,5,1900,2120,260.0,1900-1959,PHL,DEN,1558.0,WN,N434WN
2007,6,14,4,525,616,51.0,0001-0559,HNL,ITO,216.0,HA,N480HA
2003,3,14,5,1318,1502,104.0,1300-1359,PDX,SJC,569.0,AS,N965AS
2016,6,20,1,915,1515,240.0,0900-0959,PDX,ORD,1739.0,UA,N75429
2017,10,1,7,1645,1814,89.0,1600-1659,PHX,LAX,370.0,AA,N553AA
2011,7,24,7,1715,1958,163.0,1700-1759,PHX,PDX,1009.0,AS,N627AS
2006,5,16,2,2210,632,322.0,2200-2259,SFO,JFK,2586.0,UA,N532UA
2020,3,16,1,1950,155,185.0,1900-1959,PHX,IND,1488.0,WN,N8507C
2015,4,13,1,1645,1805,80.0,1600-1659,PHX,BUR,369.0,WN,N765SW
2004,1,24,6,2108,2248,100.0,2100-2159,DTW,BOS,632.0,NW,N309NB
2003,12,5,5,1230,1436,66.0,1200-1259,VPS,ATL,250.0,DL,N927DA
2015,5,29,5,30,510,220.0,0001-0559,ANC,PDX,1542.0,AS,N612AS
2013,3,29,5,1230,1406,96.0,1200-1259,FAT,PHX,493.0,YV,N920FJ
2001,4,7,6,2000,2151,111.0,2000-2059,ATL,CLE,554.0,DL,-N916D
2017,2,9,4,1414,1556,102.0,1400-1459,IND,ATL,432.0,DL,N3759
2011,8,11,4,1650,1835,165.0,1600-1659,LGA,STL,888.0,AA,N4YRAA
2001,4,29,7,2035,2124,49.0,2000-2059,SBA,LAX,89.0,MQ,-N324M
2005,4,25,1,635,818,103.0,0600-0659,BUF,CLT,546.0,US,N180UW
2008,12,13,6,607,722,75.0,0600-0659,RAP,DEN,300.0,OO,N915SW
2009,10,11,7,1520,1929,249.0,1500-1559,SJU,BWI,1565.0,FL,N169AT
2009,12,11,5,950,1207,77.0,0900-0959,SAN,PHX,304.0,US,N633AW
2007,11,6,2,755,1050,175.0,0700-0759,ORD,SAT,1041.0,AA,N4XTAA
2005,8,8,1,1347,1643,116.0,1300-1359,STL,DCA,719.0,AA,N522AA
2010,11,20,6,1140,1235,55.0,1100-1159,OKC,DAL,181.0,WN,N388SW
2016,6,14,2,1002,1109,67.0,1000-1059,LAS,LGB,231.0,B6,N586JB
2003,8,24,7,1115,1154,39.0,1100-1159,PDX,EUG,106.0,OO,N562SW
2009,9,7,1,1359,1510,71.0,1300-1359,JFK,BOS,187.0,MQ,N850MQ
2004,4,29,4,1455,1520,85.0,1400-1459,CVG,ATW,411.0,OH,N713CA
2011,12,27,2,1705,2133,208.0,1700-1759,ATL,SJU,1547.0,DL,N635DL
2012,2,21,2,555,720,85.0,0001-0559,SGF,DFW,364.0,MQ,N818MQ
2001,8,4,6,1405,1540,95.0,1400-1459,STL,FSD,471.0,TW,N979é@
2000,3,15,3,653,912,139.0,0600-0659,MIA,DCA,920.0,UA,N7465U
2002,1,26,6,2145,2310,85.0,2100-2159,PHL,BTV,336.0,US,N384äâ
2005,7,3,7,1930,2235,125.0,1900-1959,MDW,ISP,765.0,WN,N497
2014,4,22,2,1740,1840,60.0,1700-1759,SJC,BUR,296.0,WN,N244WN
2019,3,28,4,725,1054,149.0,0700-0759,IAH,CVG,871.0,YX,N733YX
2004,5,20,4,1200,1624,144.0,1200-1259,PHX,DFW,868.0,EV,N724EV
2019,11,21,4,1900,2231,151.0,1900-1959,SFO,DEN,967.0,UA,N87531
2012,12,19,3,1405,1710,125.0,1400-1459,DFW,TLH,767.0,MQ,N652MQ
2008,3,29,6,630,1346,256.0,0600-0659,SAN,ATL,1891.0,DL,N638DL
2003,4,13,7,1830,2142,132.0,1800-1859,DEN,IAH,862.0,UA,N383UA
2016,1,28,4,1906,2032,86.0,1900-1959,LAX,SFO,337.0,UA,N53441
2008,5,22,4,1020,1330,130.0,1000-1059,DEN,SAT,794.0,UA,N921UA
2017,1,15,7,720,1051,151.0,0700-0759,DFW,MCO,985.0,AA,N3DLAA
2000,4,1,6,1515,1614,119.0,1500-1559,CLT,ORD,599.0,US,N441US
2016,11,22,2,732,946,74.0,0700-0759,ORD,DAY,240.0,OO,N144SY
2016,6,1,3,1130,1245,75.0,1100-1159,BUR,SMF,358.0,WN,N297WN
2003,8,10,7,805,1003,118.0,0800-0859,ORD,ICT,588.0,DH,N630BR
2011,4,19,2,1421,1729,128.0,1400-1459,MKE,EWR,725.0,XE,N14959
2002,6,21,5,1442,1504,82.0,1400-1459,CLE,ORD,316.0,MQ,N639MQ
2017,6,28,3,900,1026,86.0,0900-0959,LGA,BOS,184.0,AA,N957AA
2007,8,3,5,750,1125,155.0,0700-0759,DEN,BNA,1013.0,F9,N935FR
2012,3,2,5,614,725,131.0,0600-0659,MOT,DEN,604.0,OO,N494CA
2003,2,28,5,1300,1433,93.0,1300-1359,TPA,ATL,406.0,DL,N173DZ
2014,11,5,3,1225,1610,165.0,1200-1259,SEA,PHX,1107.0,AS,N323AS
2016,9,11,7,1200,1254,54.0,1200-1259,MKE,ORD,67.0,OO,N754SK
2003,1,29,3,700,902,122.0,0700-0759,SBN,ATL,566.0,EV,N874AS
2017,8,12,6,835,1040,125.0,0800-0859,IND,EWR,645.0,WN,N767SW
2008,6,21,6,1755,2119,384.0,1700-1759,JFK,LAX,2475.0,UA,N566UA
2001,10,28,7,2055,2209,194.0,2000-2059,DFW,SNA,1205.0,AA,N416A1
2011,3,15,2,1620,1713,113.0,1600-1659,ATL,MLI,633.0,EV,N615QX
2019,10,30,3,1030,1230,120.0,1000-1059,DCA,ATL,547.0,WN,N241WN
2016,1,2,6,1825,1940,75.0,1800-1859,OAK,LAX,337.0,WN,N756SA
2004,8,12,4,1733,1841,128.0,1700-1759,IAH,ABQ,744.0,CO,N69351
2004,2,2,1,1221,1255,94.0,1200-1259,PIT,ORD,412.0,MQ,N837MQ
2019,11,23,6,747,1056,249.0,0700-0759,LGA,DFW,1389.0,AA,N144AN
2010,7,11,7,715,836,81.0,0700-0759,BDL,PHL,196.0,US,N533AU
2000,2,18,5,2030,2318,228.0,2000-2059,PDX,ANC,1542.0,TW,N703TW
2011,11,16,3,1630,1735,65.0,1600-1659,AMA,DAL,323.0,WN,N710SW
2010,9,16,4,2110,2232,82.0,2100-2159,DEN,SLC,390.0,F9,N941FR
2007,4,25,3,730,840,70.0,0700-0759,BOS,LGA,185.0,US,N762US
2014,7,7,1,800,909,69.0,0800-0859,MSY,IAH,305.0,UA,N77296
2009,7,12,7,1155,1907,252.0,1100-1159,LAS,ATL,1747.0,DL,N682DA
2019,4,15,1,2035,15,160.0,2000-2059,MSP,RDU,980.0,DL,N321US
2002,9,16,1,1505,1628,83.0,1500-1559,ICT,DFW,328.0,AA,N4TPAA
2012,7,23,1,1135,1305,210.0,1100-1159,DFW,SFO,1464.0,AA,N3CFAA
2018,7,13,5,700,804,124.0,0700-0759,CVG,MSP,596.0,9E,N134EV
2010,4,26,1,1755,1855,60.0,1700-1759,DAL,LIT,296.0,WN,N380SW
2010,6,8,2,1305,1456,111.0,1300-1359,IND,PHL,587.0,US,N944UW
2002,4,26,5,1709,1755,46.0,1700-1759,CID,ORD,196.0,MQ,N621MQ
2017,3,13,1,940,1058,78.0,0900-0959,RAP,DEN,300.0,OO,N923SW
2001,4,2,1,1716,1805,169.0,1700-1759,MCI,PHX,1044.0,HP,N331Aæ
2014,9,24,3,1000,1309,129.0,1000-1059,ORD,LGA,733.0,OO,N108SY
2019,1,28,1,1550,2025,155.0,1500-1559,LAS,DAL,1067.0,WN,N8647A
2000,1,9,7,815,955,160.0,0800-0859,DEN,SEA,1024.0,UA,N206UA
2019,7,27,6,1649,2033,164.0,1600-1659,DFW,MCO,985.0,AA,N157AA
2010,5,7,5,1604,1749,105.0,1600-1659,CAK,ATL,528.0,OH,N371CA
2020,2,15,6,830,1111,101.0,0800-0859,ORD,TYS,475.0,MQ,N941LT
2008,9,3,3,1240,1405,85.0,1200-1259,SJC,LAS,387.0,WN,N365SW
2012,5,7,1,2130,2235,125.0,2100-2159,SLC,LAX,590.0,DL,N3773D
2015,3,1,7,2057,2141,44.0,2000-2059,PHX,FLG,119.0,OO,N907SW
2001,3,18,7,2030,2208,98.0,2000-2059,PDX,OAK,543.0,AS,N783Aâ
2006,5,27,6,1804,2024,200.0,1800-1859,BOS,MSP,1124.0,NW,N533US
2000,5,22,1,1530,1645,75.0,1500-1559,LAX,PHX,370.0,WN,N755
2020,2,12,3,618,916,178.0,0600-0659,FAR,DFW,968.0,MQ,N289MW
2004,10,6,3,1435,1630,115.0,1400-1459,CVG,HPN,597.0,OH,N739CA
2013,9,29,7,1045,1303,198.0,1000-1059,MCO,MSP,1310.0,DL,N523US
2006,5,20,6,730,953,143.0,0700-0759,MCO,PHL,861.0,FL,N126AT
2006,3,15,3,754,1043,169.0,0700-0759,ROC,TPA,1079.0,FL,N915AT
2017,9,25,1,820,1052,152.0,0800-0859,MSY,ORD,837.0,AA,N3NTAA
2005,12,28,3,1445,1614,89.0,1400-1459,IAH,MAF,429.0,XE,N12564
2006,2,2,4,1130,1238,68.0,1100-1159,TUL,DFW,237.0,MQ,N511AE
2005,11,25,5,615,1054,219.0,0600-0659,JFK,SJU,1597.0,DL,N654DL
2005,3,16,3,1710,1815,65.0,1700-1759,CMH,BWI,336.0,WN,N315SW
2017,10,28,6,1841,2023,102.0,1800-1859,FLL,CHS,470.0,B6,N192JB
2004,12,3,5,920,1102,222.0,0900-0959,IAH,LAX,1379.0,CO,N78060
2009,5,11,1,2010,2212,122.0,2000-2059,PHX,SMF,647.0,US,N654AW
2013,11,2,6,2257,19,82.0,2200-2259,SFO,ONT,363.0,OO,N934SW
2001,1,12,5,825,935,70.0,0800-0859,SJC,LAX,308.0,WN,N356@@
2011,7,24,7,2140,2328,48.0,2100-2159,ORD,SBN,84.0,EV,N829AS
2000,3,29,3,1335,1448,73.0,1300-1359,DCA,PVD,357.0,US,N573US
2003,10,19,7,1330,1505,95.0,1300-1359,CMH,ATL,446.0,DL,N989DL
2005,5,22,7,1741,1902,81.0,1700-1759,LRD,DFW,396.0,MQ,N813AE
2007,5,30,3,1856,2010,134.0,1800-1859,BOI,LAX,674.0,OO,N929SW
2002,4,4,4,900,1422,202.0,0900-0959,SMF,MSP,1518.0,NW,N350NA
2014,3,6,4,845,1215,150.0,0800-0859,PDX,PHX,1009.0,US,N678AW
2019,8,9,5,1440,1551,71.0,1400-1459,PHX,ONT,325.0,AA,N649AW
2013,5,28,2,1450,1534,104.0,1400-1459,MSP,RAP,489.0,OO,N913EV
2003,4,17,4,1326,1441,75.0,1300-1359,DFW,LIT,304.0,MQ,N806MQ
2009,8,21,5,630,938,128.0,0600-0659,GEG,DEN,835.0,F9,N904FR
2005,6,11,6,1100,1417,137.0,1100-1159,LAX,DEN,862.0,UA,N595UA
2007,9,16,7,1251,1429,158.0,1200-1259,ATL,AUS,813.0,OO,N820SK
2014,9,29,1,700,810,190.0,0700-0759,DFW,LAX,1235.0,VX,N361VA
2016,7,2,6,932,1124,112.0,0900-0959,ATL,PBI,545.0,DL,N913DN
2018,9,20,4,1505,1655,110.0,1500-1559,MCI,MSY,689.0,WN,N423WN
2018,12,7,5,716,930,194.0,0700-0759,DTW,DFW,986.0,AA,N927NN
2002,11,26,2,1915,2019,124.0,1900-1959,MCO,MEM,683.0,NW,N299US
2004,9,30,4,730,1015,165.0,0700-0759,EWR,MCO,938.0,CO,N19141
2003,7,14,1,1730,1941,131.0,1700-1759,LAX,PDX,834.0,AS,N964AS
2006,5,13,6,1115,1220,65.0,1100-1159,SLC,SUN,223.0,OO,N217SW
2006,1,22,7,1650,1750,120.0,1600-1659,ATL,XNA,589.0,EV,N853AS
2019,9,10,2,1440,1635,235.0,1400-1459,OMA,SFO,1433.0,OO,N132SY
2002,4,13,6,1612,1622,70.0,1600-1659,TVC,ORD,224.0,MQ,N604MQ
2003,7,28,1,1207,1458,111.0,1200-1259,KTN,SEA,680.0,AS,N755AS
2013,11,28,4,1115,1338,83.0,1100-1159,MSY,ATL,425.0,DL,N953DL
2014,8,10,7,600,650,50.0,0600-0659,PIA,ORD,130.0,MQ,N629MQ
2013,9,13,5,1918,2022,64.0,1900-1959,CIC,SFO,153.0,OO,N567SW
2008,11,4,2,1235,1522,107.0,1200-1259,SJC,PHX,622.0,US,N157AW
2008,3,3,1,1628,1930,122.0,1600-1659,ICT,ATL,781.0,FL,N996AT
2010,4,5,1,1445,1635,110.0,1400-1459,LGA,CLE,418.0,MQ,N738MQ
2002,6,25,2,1740,1831,51.0,1700-1759,BWI,PHL,90.0,US,N611AU
2012,1,12,4,1636,2242,246.0,1600-1659,SFO,ORD,1846.0,UA,N848UA
2011,4,1,5,1725,1719,54.0,1700-1759,ATL,DHN,171.0,EV,N925EV
2006,4,8,6,1110,1215,65.0,1100-1159,PHX,SAN,304.0,WN,N336
2002,3,12,2,1715,1934,139.0,1700-1759,IAD,TPA,810.0,UA,N454UA
2016,5,11,3,2030,2310,160.0,2000-2059,MCO,PVD,1072.0,WN,N212WN
2007,10,26,5,1754,1844,110.0,1700-1759,COS,PHX,551.0,YV,N97325
2005,3,31,4,1852,2025,153.0,1800-1859,EWR,MDW,711.0,TZ,N331TZ
2004,9,1,3,2125,2240,75.0,2100-2159,PVD,BWI,328.0,WN,N304SW
2004,8,19,4,600,921,141.0,0600-0659,MCI,DCA,950.0,US,N814MD
2002,9,4,3,1750,2133,163.0,1700-1759,ORD,RSW,1120.0,UA,N448UA
2008,5,6,2,1720,1851,151.0,1700-1759,OKC,SLC,866.0,XE,N14173
2009,6,21,7,603,752,109.0,0600-0659,RIC,DTW,456.0,9E,86469E
2007,8,3,5,1345,1618,153.0,1300-1359,ATL,BOS,946.0,FL,N998AT
2004,3,23,2,1047,1117,30.0,1000-1059,LAX,SNA,36.0,OO,N268UE
2003,1,8,3,1801,1851,50.0,1800-1859,DFW,ABI,158.0,MQ,N652MQ
2015,12,24,4,1215,1341,86.0,1200-1259,RDU,ATL,356.0,DL,N995DL
2014,8,20,3,721,817,56.0,0700-0759,PHX,YUM,160.0,OO,N506CA
2001,5,13,7,1420,1608,108.0,1400-1459,PBI,ATL,545.0,DL,-N656D
2018,6,7,4,1205,1441,96.0,1200-1259,BTR,ATL,448.0,DL,N957AT
2004,8,2,1,1927,2106,159.0,1900-1959,MCO,DFW,984.0,AA,N5WAAA
2005,7,21,4,1258,1348,50.0,1200-1259,ATL,ABY,146.0,EV,N833AS
2017,7,4,2,820,955,95.0,0800-0859,MEM,HOU,484.0,WN,N635SW
2005,7,21,4,1710,1950,100.0,1700-1759,HSV,IAD,595.0,DH,N625BR
2015,1,13,2,1835,1945,70.0,1800-1859,BNA,STL,272.0,WN,N279WN
2018,5,3,4,1930,2130,120.0,1900-1959,ATL,DCA,547.0,YX,N436YX
2017,7,3,1,1650,1856,126.0,1600-1659,MFR,LAX,630.0,OO,N703SK
2005,8,22,1,1650,1930,100.0,1600-1659,MSY,MCO,550.0,WN,N501
2003,10,7,2,2115,2212,117.0,2100-2159,DFW,COS,592.0,OO,N405SW
2008,3,29,6,1330,1654,204.0,1300-1359,PBI,EWR,1024.0,CO,N17344
2011,2,6,7,535,839,124.0,0001-0559,OKC,ATL,761.0,EV,N744EV
2009,2,10,2,1035,1624,229.0,1000-1059,SFO,IAH,1635.0,CO,N24202
2000,9,30,6,1310,1544,154.0,1300-1359,LGA,JAX,834.0,US,N275AU
2015,2,15,7,1739,2011,152.0,1700-1759,DSM,IAH,802.0,EV,N15574
2009,9,13,7,1540,1820,160.0,1500-1559,TPA,DTW,983.0,NW,N342NW
2009,5,30,6,831,1016,165.0,0800-0859,IAD,MCI,926.0,YV,N515MJ
2000,8,18,5,1245,1516,271.0,1200-1259,MEM,SEA,1870.0,NW,N519US
2016,1,26,2,605,740,95.0,0600-0659,DEN,SLC,391.0,WN,N757LV
2014,9,10,3,1625,1737,72.0,1600-1659,ATL,JAX,270.0,DL,N672DL
2007,12,16,7,600,805,65.0,0600-0659,LAS,PHX,256.0,WN,N371SW
2006,4,1,6,1332,1359,87.0,1300-1359,LEX,ORD,323.0,MQ,N812AE
2003,4,27,7,1740,2025,345.0,1700-1759,IAD,LGB,2277.0,B6,N529JB
2000,7,29,6,1445,1601,76.0,1400-1459,SLC,DEN,390.0,UA,N376UA
2014,1,24,5,2035,2155,80.0,2000-2059,BUR,OAK,325.0,WN,N246LV
2002,7,20,6,1445,1619,94.0,1400-1459,EWR,RDU,416.0,CO,N32626
2001,6,27,3,1850,2138,108.0,1800-1859,LAX,SLC,590.0,UA,N303ä1
2019,1,27,7,532,743,131.0,0001-0559,FAR,ORD,557.0,MQ,N679AE
2007,9,7,5,1125,1145,80.0,1100-1159,PIT,MDW,402.0,WN,N233LV
2006,8,7,1,730,845,75.0,0700-0759,OAK,LAX,337.0,WN,N629SW
2005,12,17,6,1525,1634,69.0,1500-1559,CLL,DFW,164.0,MQ,N374AE
2008,6,25,3,1230,1442,132.0,1200-1259,SEA,SFO,679.0,AS,N779AS
2007,4,25,3,903,1000,117.0,0900-0959,SLC,SFO,599.0,UA,N334UA
2000,1,13,4,940,1040,60.0,0900-0959,SJC,BUR,297.0,WN,N519
2004,4,21,3,1825,2110,105.0,1800-1859,BNA,BWI,587.0,WN,N762
2014,12,7,7,800,1123,143.0,0800-0859,DFW,GSO,999.0,MQ,N639MQ
2007,7,15,7,916,1023,67.0,0900-0959,LAS,SAN,258.0,US,N824AW
2006,10,28,6,1115,1258,103.0,1100-1159,DTW,EWR,487.0,XE,N17159
2005,6,16,4,1750,2059,369.0,1700-1759,EWR,PDX,2433.0,CO,N17139
2009,8,10,1,1932,2105,93.0,1900-1959,SLC,COS,410.0,OO,N437SW
2013,4,4,4,1845,2014,89.0,1800-1859,IND,ATL,432.0,FL,N967AT
2005,6,10,5,1328,1519,231.0,1300-1359,ATL,SLC,1589.0,DL,N106DA
2000,1,8,6,1835,2006,91.0,1800-1859,ORD,BNA,409.0,AA,N2BLAA
2005,6,12,7,1702,2001,179.0,1700-1759,SEA,PHX,1107.0,HP,N335AW
2015,3,31,2,935,1035,60.0,0900-0959,LAX,LAS,236.0,WN,N647SW
2016,5,28,6,2359,639,280.0,2300-2359,SLC,BOS,2105.0,B6,N784JB
2006,10,25,3,730,830,60.0,0700-0759,BWI,ISP,220.0,WN,N733SW
2016,1,7,4,1045,1248,183.0,1000-1059,MCO,ORD,1005.0,UA,N24211
2012,12,13,4,829,1101,332.0,0800-0859,IAD,SAN,2253.0,UA,N553UA
2003,11,12,3,927,1026,119.0,0900-0959,MSP,DEN,680.0,NW,N356NW
2017,6,14,3,2140,2252,192.0,2100-2159,IAH,LAS,1222.0,UA,N446UA
2005,9,14,3,1958,2244,106.0,1900-1959,KTN,SEA,680.0,AS,N783AS
2010,3,29,1,1750,1844,174.0,1700-1759,IAH,PHX,1009.0,CO,N71411
2015,4,21,2,1930,2059,149.0,1900-1959,ATL,DFW,731.0,AA,N3CLAA
2018,9,25,2,835,1020,225.0,0800-0859,MDW,LAS,1521.0,WN,N752SW
2002,7,8,1,935,1035,60.0,0900-0959,HRL,HOU,276.0,WN,N91
2018,9,4,2,1255,1516,141.0,1200-1259,OMA,IAH,781.0,EV,N17196
2017,9,1,5,945,1216,91.0,0900-0959,DEN,LNK,423.0,OO,N139SY
2003,4,27,7,1010,1030,80.0,1000-1059,ATL,EVV,350.0,EV,N863AS
2009,2,16,1,935,1110,95.0,0900-0959,RDU,LGA,431.0,MQ,N825MQ
2016,1,24,7,1535,1745,70.0,1500-1559,SAN,PHX,304.0,WN,N8629A
2004,2,24,2,1205,1950,285.0,1200-1259,LAS,JFK,2248.0,B6,N542JB
2017,1,11,3,230,650,200.0,0001-0559,PHX,ORD,1440.0,NK,N526NK
2011,6,7,2,1618,1748,210.0,1600-1659,DFW,LAX,1235.0,OO,N743SK
2012,9,17,1,1200,1335,155.0,1200-1259,DEN,OAK,957.0,WN,N8311Q
2003,2,27,4,915,1127,252.0,0900-0959,IAH,SFO,1635.0,CO,N14242
2019,6,12,3,650,822,92.0,0600-0659,MSP,ORD,334.0,DL,N357DN
2015,2,14,6,1440,1543,63.0,1400-1459,DFW,MLU,293.0,EV,N880AS
2014,5,24,6,635,1135,180.0,0600-0659,LAX,AUS,1242.0,AA,N573AA
2019,4,15,1,2114,2318,124.0,2100-2159,CLT,MIA,650.0,AA,N199AN
2020,3,22,7,955,1300,185.0,0900-0959,EWR,MCO,937.0,NK,N674NK
2010,11,1,1,835,1116,101.0,0800-0859,MEM,CLT,512.0,EV,N131EV
2007,10,23,2,2105,2236,271.0,2100-2159,CLE,LAS,1825.0,CO,N73283
2014,6,29,7,2136,2219,43.0,2100-2159,DEN,COS,73.0,OO,N751SK
2008,2,13,3,725,832,67.0,0700-0759,ATL,CLT,227.0,US,N118US
2019,12,28,6,615,811,116.0,0600-0659,OMA,ORD,416.0,YX,N632RW
2006,10,28,6,2110,2207,57.0,2100-2159,LAX,IYK,123.0,OO,N284YV
2016,4,1,5,1250,1700,130.0,1200-1259,PHX,AUS,872.0,WN,N415WN
2004,6,29,2,1456,1513,77.0,1400-1459,ELP,PHX,347.0,HP,N336AW
2013,3,23,6,1500,1645,105.0,1500-1559,RNO,PHX,601.0,WN,N772SW
2016,8,2,2,1145,1434,169.0,1100-1159,TPA,JFK,1005.0,DL,N3751B
2018,12,15,6,1908,1955,47.0,1900-1959,HNL,KOA,163.0,HA,N478HA
2006,9,11,1,1355,1652,117.0,1300-1359,DEN,AUS,775.0,OO,N738SK
2014,3,17,1,1825,2004,99.0,1800-1859,ATL,PIT,526.0,FL,N176AT
2014,6,6,5,1629,1939,370.0,1600-1659,JFK,SAN,2446.0,B6,N633JB
2005,7,2,6,2140,2319,219.0,2100-2159,IAD,DEN,1452.0,UA,N424UA
2013,9,23,1,1135,1215,40.0,1100-1159,KOA,HNL,163.0,YV,N75995
2007,4,8,7,1605,1755,110.0,1600-1659,PBI,ATL,545.0,DL,N121DE
2018,3,2,5,1555,1800,65.0,1500-1559,MDW,CLE,307.0,WN,N410WN
2005,3,3,4,2135,2356,141.0,2100-2159,MDW,DFW,797.0,TZ,N318TZ
2011,9,8,4,1904,2141,157.0,1900-1959,MCO,FNT,1011.0,FL,N948AT
2019,1,21,1,1117,1710,233.0,1100-1159,PHX,DTW,1671.0,DL,N302DN
2018,11,2,5,1214,1556,162.0,1200-1259,AUS,CHS,1055.0,F9,N328FR
2012,7,15,7,2000,2130,90.0,2000-2059,SAN,SFO,447.0,VX,N630VA
2010,2,8,1,930,1145,255.0,0900-0959,SDF,PHX,1506.0,WN,N472WN
2010,3,11,4,620,755,95.0,0600-0659,OKC,MEM,432.0,9E,86239E
2014,3,3,1,1911,2125,74.0,1900-1959,ORD,CLE,315.0,EV,N13956
2013,2,13,3,900,1008,68.0,0900-0959,DAL,IAH,216.0,EV,N12996
2013,5,27,1,1951,2101,70.0,1900-1959,DTW,BUF,241.0,9E,N8903A
2005,3,10,4,1945,2118,93.0,1900-1959,RDU,JFK,426.0,MQ,N722AE
